name,price,link
Laphroaig Trio Coronation Edition,"£3,900.00",https://www.whiskyshop.com/laphroaig-trio-coronation-edition
Milton 1949 Private Collection,"£50,000.00",https://www.whiskyshop.com/milton-1949-private-collection
The Legacy Collection 43 Year Old The Lost Estate,"£1,200.00",https://www.whiskyshop.com/the-legacy-collection-43-year-old-the-lost-estate
The Charles Gordon Collection 56 Year Old The Long Marriage,"£4,000.00",https://www.whiskyshop.com/the-charles-gordon-collection-56-year-old-the-long-marriage
The Charles Gordon Collection 1965 Blended at Birth,"£4,500.00",https://www.whiskyshop.com/the-charles-gordon-collection-blended-at-birth
The Glenlivet 80 Year Old Generations Gordon & MacPhail,"£90,000.00",https://www.whiskyshop.com/glenlivet-80-year-old-generations
Fettercairn 50 Year Old,"£22,000.00",https://www.whiskyshop.com/fettercairn-50-year-old
Glenfiddich Gran Reserva 21 Year Old, £173.00,https://www.whiskyshop.com/glenfiddich-21-year-old-gran-reserva
That Boutique-y Whisky Company Glenburgie 27 Year Old Batch 13,£250.00,https://www.whiskyshop.com/that-boutique-y-whisky-company-glenburgie-27-year-old-batch-13
Digital Drams: Benromach,£25.00,https://www.whiskyshop.com/digital-drams-benromach
Benromach Cask Strength 2013  Batch 1,£70.00,https://www.whiskyshop.com/benromach-cask-strength-2013-batch-1
Digital Drams: anCnoc Highland Single Malt,£25.00,https://www.whiskyshop.com/digital-drams-ancnoc-highland-single-malt
Tamdhu Cigar Malt 2,£196.00,https://www.whiskyshop.com/tamdhu-cigar-malt-2
Connoisseurs Choice Upper Tormore 1991 31 Year Old #15381,£725.00,https://www.whiskyshop.com/connoisseurs-choice-upper-tormore-1991-31-year-old-15381
Connoisseurs Choice Glen Grant 2005 16 Year Old #14600206,£136.00,https://www.whiskyshop.com/connoisseurs-choice-glen-grant-2005-16-year-old-14600206
Private Collection Glenlossie 1982 40 Year Old #3398,"£1,650.00",https://www.whiskyshop.com/private-collection-glenlossie-1982-40-year-old-3398
Private Collection Linkwood 1982 40 Year Old #91018811,"£1,750.00",https://www.whiskyshop.com/private-collection-linkwood-1982-40-year-old-91018811
Benromach Virgin Oak Air Dried Oak 2012,£60.00,https://www.whiskyshop.com/benromach-virgin-oak-air-dried-oak-2012
Benromach Virgin Oak Kiln Dried Oak 2012,£60.00,https://www.whiskyshop.com/benromach-virgin-oak-kiln-dried-oak-2012
Darkness Highlands 19 Year Old Oloroso Cask Finish,£104.00,https://www.whiskyshop.com/darkness-highlands-19-year-old-oloroso-cask-finish
Darkness Islay 13 Year Old Oloroso Cask Finish,£84.00,https://www.whiskyshop.com/darkness-islay-13-year-old-oloroso-cask-finish
Darkness Glenrothes 13 Year Old Oloroso Cask Finish,£89.00,https://www.whiskyshop.com/darkness-glenrothes-13-year-old-oloroso-cask-finish
Darkness Craigellachie 12 Year Old Oloroso Cask Finish,£109.00,https://www.whiskyshop.com/darkness-craigellachie-12-year-old-oloroso-cask-finish
Darkness Caol Ila 14 Year Old Oloroso Cask Finish,£89.00,https://www.whiskyshop.com/darkness-caol-ila-14-year-old-oloroso-cask-finish
Darkness Campbeltown 8 Year Old Oloroso Cask Finish,£64.00,https://www.whiskyshop.com/darkness-campbeltown-8-year-old-oloroso-cask-finish
Darkness Benrinnes 11 Year Old Oloroso Cask Finish,£64.00,https://www.whiskyshop.com/darkness-benrinnes-11-year-old-oloroso-cask-finish
Darkness Balmenach 9 Year Old Oloroso Cask Finish,£64.00,https://www.whiskyshop.com/darkness-balmenach-9-year-old-oloroso-cask-finish
Glengoyne Cask Strength Batch 10,£74.00,https://www.whiskyshop.com/glengoyne-cask-strength-batch-10
Glengoyne 15 Year Old,£80.00,https://www.whiskyshop.com/glengoyne-15-year-old
Bowmore 21 Year Old 2000s,"£1,380.00",https://www.whiskyshop.com/bowmore-21-year-old-2000s
Dalmore 30 Year Old 2023 Release,"£4,750.00",https://www.whiskyshop.com/dalmore-30-year-old-2023-release
Port Charlotte 9 Year Old 2013 PMC:01 Pomerol Cask ,£108.00,https://www.whiskyshop.com/port-charlotte-9-year-old-2013-pmc-01-pomerol-cask
Port Charlotte 9 Year Old 2012 SC:01 Sauternes Cask,£115.00,https://www.whiskyshop.com/port-charlotte-9-year-old-2012-sc-01-sauternes-cask
Port Charlotte 9 Year Old 2009 MC:01 Marsala Cask,£115.00,https://www.whiskyshop.com/port-charlotte-9-year-old-2009-mc-01-marsala-cask
anCnoc Peatheart Batch 3,£60.00,https://www.whiskyshop.com/ancnoc-peatheart-batch-3
Dalmore 45 Year Old 2023 Release,"£17,500.00",https://www.whiskyshop.com/dalmore-45-year-old-2023-release
Duncan Taylor Single Cask Bunnahabhain Peated 2014 8 Year Old,£95.00,https://www.whiskyshop.com/duncan-taylor-single-cask-bunnahabhain-peated-2014-8-year-old
Caol Ila 2007 15 Year Old Connoisseurs Choice #311967,£175.00,https://www.whiskyshop.com/caol-ila-2007-15-year-old-connoisseurs-choice-311967-tws-exclusive
Signatory Vintage Secret Speyside 2009 14 Year Old,£105.00,https://www.whiskyshop.com/signatory-vintage-secret-speyside-2009-14-year-old-tws-exclusive
Tomatin 3x5cl Mini Pack,£25.00,https://www.whiskyshop.com/tomatin-3x5cl-mini-pack
Glenglassaugh Portsoy Single Malt,£60.00,https://www.whiskyshop.com/glenglassaugh-portsoy-single-malt
Glenglassaugh Sandend Single Malt,£55.00,https://www.whiskyshop.com/glenglassaugh-sandend-single-malt
Glenglassaugh 12 Year Old Single Malt,£50.00,https://www.whiskyshop.com/glenglassaugh-12-year-old-single-malt
Loch Lomond 1998 25 Year Old Exclusive Cask The 151st Open,"£1,499.00",https://www.whiskyshop.com/loch-lomond-1998-25-year-old-exclusive-cask-151st-open-championship
Glendronach Cask Strength Batch 12,£75.00,https://www.whiskyshop.com/glendronach-cask-strength-batch-12
Macallan 18 Year Old 2023 Release,£395.00,https://www.whiskyshop.com/macallan-18-year-old-2023-release
Macallan Rare Cask 2023,£350.00,https://www.whiskyshop.com/macallan-rare-cask-2023
Lochlea Cask Strength Batch 1,£65.00,https://www.whiskyshop.com/lochlea-cask-strength-batch-1
Ardray Blended Scotch Whisky,£60.00,https://www.whiskyshop.com/ardray-blended-scotch-whisky
Thanks for being my best man White & Black 6x3cl Whisky Pack,£30.00,https://www.whiskyshop.com/thanks-for-being-my-best-man-white-black-6x3cl-whisky-pack
Thanks for being my best man Much Appreciated 6x3cl Whisky Gift Pack,£30.00,https://www.whiskyshop.com/thanks-for-being-my-best-man-much-appreciated-6x3cl-whisky-gift-pack
Saw This & Thought of You Eye 6x3cl Whisky Gift Pack ,£30.00,https://www.whiskyshop.com/saw-this-thought-of-you-eye-6x3cl-whisky-gift-pack
Saw This & Thought of You Yellow 6x3cl Whisky Gift Pack,£30.00,https://www.whiskyshop.com/saw-this-thought-of-you-yellow-6x3cl-whisky-gift-pack
Saw This & Hope You Like It 6x3cl Whisky Gift Pack,£30.00,https://www.whiskyshop.com/saw-this-hope-you-like-it-6x3cl-whisky-gift-pack
World's Best Dad Ribbon Blue 6x3cl Whisky Gift Pack,£30.00,https://www.whiskyshop.com/world-s-best-dad-ribbon-blue-6x3cl-whisky-gift-pack
Best Dad in the World Blue & Yellow 6x3cl Whisky Gift Pack,£30.00,https://www.whiskyshop.com/best-dad-in-the-world-blue-yellow-6x3cl-whisky-gift-pack
World's Best Dad You're a legend Green 6x3cl Whisky Gift Pack ,£30.00,https://www.whiskyshop.com/world-s-best-dad-you-re-a-legend-green-6x3cl-whisky-gift-pack
Happy Father's Day Blue Diagonals 6x3cl Whisky Gift Pack,£30.00,https://www.whiskyshop.com/happy-father-s-day-blue-diagonals-6x3cl-whisky-gift-pack
Happy Father's Day Blue & Gold 6x3cl Whisky Gift Pack,£30.00,https://www.whiskyshop.com/happy-father-s-day-blue-gold-6x3cl-whisky-gift-pack
Happy Father's Day Gift Tag Blue 6x3cl Whisky Gift Pack,£30.00,https://www.whiskyshop.com/happy-father-s-day-gift-tag-blue-6x3cl-whisky-gift-pack
Happy Birthday 9 6x3cl Whisky Gift Pack,£30.00,https://www.whiskyshop.com/happy-father-s-day-9-6x3cl-whisky-gift-pack
Happy Father's Day You're a Superstar Blue 6x3cl Whisky Gift Pack,£30.00,https://www.whiskyshop.com/happy-father-s-day-you-re-a-superstar-blue-6x3cl-whisky-gift-pack
Happy Birthday Multi Coloured Spots 6x3cl Whisky Gift Pack,£30.00,https://www.whiskyshop.com/happy-birthday-multi-coloured-spots-6x3cl-whisky-gift-pack
Happy Birthday Best Wishes Orange 6x3cl Whisky Gift Pack,£30.00,https://www.whiskyshop.com/happy-birthday-best-wishes-orange
Thank You For Everything Grey 6x3cl Whisky Gift Pack,£30.00,https://www.whiskyshop.com/thank-you-for-everything-grey-6x3cl-whisky-gift-pack
Thank You Very Much Spots 6x3cl Whisky Gift Pack,£30.00,https://www.whiskyshop.com/thank-you-very-much-spots-6x3cl-whisky-gift-pack
Thanks Much Appreciated Blue 6x3cl Whisky Gift Pack,£30.00,https://www.whiskyshop.com/thanks-much-appreciated-blue-6x3cl-whisky-gift-pack
You're The Best Purple 6x3cl Whisky Gift Pack,£30.00,https://www.whiskyshop.com/you-re-the-best-purple-6x3cl-whisky-gift-pack
Kilchoman Fino Sherry Cask Matured 2023,£79.00,https://www.whiskyshop.com/kilchoman-fino-sherry-cask-matured-2023
Kilchoman Cognac Cask Matured 2023,£79.00,https://www.whiskyshop.com/kilchoman-cognac-cask-matured-2023
Deanston Dragon's Milk Stout Cask Finish,£44.00,https://www.whiskyshop.com/deanston-dragon-s-milk-stout-cask-finish
Mortlach 25 Year Old Distillery Labels 2023,£225.00,https://www.whiskyshop.com/mortlach-25-year-old-distillery-labels-2023
Benromach Peat Smoke 2014 Sherry Cask Finished,£55.00,https://www.whiskyshop.com/benromach-peat-smoke-2014-sherry-cask-finished
Maclean's Nose Blended Whisky,£31.00,https://www.whiskyshop.com/maclean-s-nose-blended-whisky
Kingsbarns 5 Year Old Single Cask Ex-Bourbon Barrel,£90.00,https://www.whiskyshop.com/kingsbarns-5-year-old-single-cask-ex-bourbon-barrel
Kingsbarns 6 Year Old Single Cask Ex-Peated Cask,£100.00,https://www.whiskyshop.com/kingsbarns-6yo-single-cask-ex-peated-cask
Kingsbarns 7 Year Old Single Cask Ex-Bourbon Barrel,£90.00,https://www.whiskyshop.com/kingsbarns-7-year-old-single-cask-ex-bourbon-barrel
Port Charlotte Islay Barley 2014,£75.00,https://www.whiskyshop.com/port-charlotte-islay-barley-2014
Glen Garioch 1968 29 Year Old Cask #621,"£2,800.00",https://www.whiskyshop.com/glen-garioch-1968-29-year-old-cask-621
Ardbeg Heavy Vapours,£120.00,https://www.whiskyshop.com/ardbeg-heavy-vapours
Strathclyde 1987 35 Year Old The Sovereign HL19744,£199.00,https://www.whiskyshop.com/strathclyde-1987-35-year-old-the-sovereign-hl19744
First Editions Inchgower 2008 14 Year Old HL19731,£140.00,https://www.whiskyshop.com/first-editions-inchgower-2008-14-year-old-hl19731
First Editions Macduff 2007 15 Year Old HL19903,£145.00,https://www.whiskyshop.com/first-editions-macduff-2007-15-year-old-hl19903
Old Malt Cask Mortlach 2009 12 Year Old HL19626,£120.00,https://www.whiskyshop.com/old-malt-cask-mortlach-2009-12-year-old-hl19626
Aultmore 2010 12 Year Old Hepburn's Choice Canasta Butt,£80.00,https://www.whiskyshop.com/aultmore-2010-12-year-old-hepburn-s-choice-canasta-butt
Macduff 2011 10 Year Old Hepburn's Choice Bourbon Cask,£75.00,https://www.whiskyshop.com/macduff-2011-10-year-old-hepburn-s-choice-bourbon-cask
Ben Nevis 2011 11 Year Old Hepburn's Choice Sherry Butt,£110.00,https://www.whiskyshop.com/ben-nevis-2011-11-year-old-hepburn-s-choice-sherry-butt
Miltonduff 2009 13 Year Old Hepburn's Choice Refill Bourbon Cask,£75.00,https://www.whiskyshop.com/miltonduff-2009-13-year-old-hepburns-choice-refill-bourbon-cask
Glentauchers 2010 12 Year Old Hepburn's Choice Wine Finish,£79.00,https://www.whiskyshop.com/glentauchers-2010-12-year-old-hepburns-choice-wine-finish
Glenmorangie 12 Year Old Palo Cortado ,£75.00,https://www.whiskyshop.com/glenmorangie-12-year-old-palo-cortado
Ballechin 18 Year Old Cask Strength,£125.00,https://www.whiskyshop.com/ballechin-18-year-old-cask-strength
Loch Lomond 47 Year Old Remarkable Stills Series,"£5,750.00",https://www.whiskyshop.com/loch-lomond-47-year-old-remarkable-stills-series
The Loch Fyne Fynest Ben Nevis 1996 25 Year Old,£320.00,https://www.whiskyshop.com/the-loch-fyne-fynest-ben-nevis-1996-25-year-old
Aberlour A'bunadh Batch 77,£88.00,https://www.whiskyshop.com/aberlour-a-bunadh-batch-77
Compass Box The Peat Monster Cask Strength: Origin Story,£105.00,https://www.whiskyshop.com/compass-box-peat-monster-cask-strength
Berry Bros. & Rudd Benriach 2010 #08037,£96.00,https://www.whiskyshop.com/berry-bros-rudd-benriach-2010-08037
Benriach 1994 27 Year Old,£395.00,https://www.whiskyshop.com/benriach-1994-27-year-old-single-cask-tws-exclusive
The Octave Glentauchers 2008 14 Year Old #8537267,£135.00,https://www.whiskyshop.com/the-octave-glentauchers-2008-14-year-old-octave
Benromach 1982 Private Collection,"£1,999.00",https://www.whiskyshop.com/benromach-1982-private-collection
Wemyss Malt Nectar Grove Ex-Madeira Finish,£55.00,https://www.whiskyshop.com/wemyss-malt-nectar-grove-ex-madeira-finish
Bunnahabhain Feis Ile 2023 Manzanilla Cask,£427.00,https://www.whiskyshop.com/bunnahabhain-feis-ile-2023-manzanilla-cask
RyeLaw Fife Single Grain Scotch Whisky,£109.00,https://www.whiskyshop.com/inchdairnie-ryelaw
Loch Lomond Single Grain Cooper's Collection 2022,£47.00,https://www.whiskyshop.com/loch-lomond-single-grain-cooper-s-collection-2022
Loch Lomond Single Grain Distiller's Choice,£49.00,https://www.whiskyshop.com/loch-lomond-single-grain-distiller-s-choice
Macallan 30 Year Old Sherry Oak 2021,"£4,650.00",https://www.whiskyshop.com/macallan-30-year-old-sherry-oak-2021
Loch Lomond The Open Special Edition 2023 Gift Pack,£47.00,https://www.whiskyshop.com/loch-lomond-the-open-special-edition-2023-gift-pack
Loch Lomond 2000 22 Year Old The Open Course Collection 2023,£220.00,https://www.whiskyshop.com/loch-lomond-2000-22-year-old-the-open-course-collection-2023
Loch Lomond The Open Special Edition 2023,£43.00,https://www.whiskyshop.com/loch-lomond-the-open-special-edition-2023
Macallan 30 Year Old 2019 Release,"£4,650.00",https://www.whiskyshop.com/macallan-30-year-old-2019-release
Darkness Dufftown 11 Year Old Oloroso 58.7%,£70.00,https://www.whiskyshop.com/darkness-dufftown-11-year-old-oloroso-58-7
Darkness Dufftown 11 Year Old Oloroso 58.5%,£70.00,https://www.whiskyshop.com/darkness-dufftown-11-year-old-oloroso-58-5
Deanston 15 Year Old Tequila Cask Finish,£95.00,https://www.whiskyshop.com/deanston-15-year-old-tequila-cask-finish
Berry Bros. & Rudd Ardmore 2012 Single Cask #9,£75.00,https://www.whiskyshop.com/berry-bros-rudd-ardmore-2012-single-cask-9
Berry Bros. & Rudd Glen Garioch 2011 #08028,£96.00,https://www.whiskyshop.com/berry-bros-rudd-glen-garioch-2011-08028
Berry Bros. & Rudd Glen Elgin 2013 Small Batch,£70.00,https://www.whiskyshop.com/berry-bros-rudd-glen-elgin-2013-small-batch
Whisky Sponge Old Rhosdhu 29 Year Old Edition 67,£295.00,https://www.whiskyshop.com/whisky-sponge-old-rhosdhu-29-year-old-edition-67
Whisky Sponge Glen Garioch 33 Year Old Edition 68,£497.00,https://www.whiskyshop.com/whisky-sponge-glen-garioch-33-year-old-edition-68
Glenmorangie 1996 Grand Vintage,£670.00,https://www.whiskyshop.com/glenmorangie-1996-grand-vintage
Intensity 10 Year Old Oloroso Sherry Cask Finish,£45.00,https://www.whiskyshop.com/intensity-10-year-old-oloroso-sherry-cask-finish
Signatory Vintage Glen Grant 1966 50 Year Old #884,"£4,995.00",https://www.whiskyshop.com/signatory-vintage-glen-grant-1966-50-year-old-884
Tobermory 25 Year Old Cask Finish Expression 3,£345.00,https://www.whiskyshop.com/tobermory-25-year-old-cask-finish-expression-3
Speyburn 18 Year Old,£84.00,https://www.whiskyshop.com/speyburn-18-year-old
North Star Secret Speyside 12 Year Old,£73.00,https://www.whiskyshop.com/north-star-secret-speyside-12-year-old
Murray McDavid Linkwood 2012 9 Year Old UK Exclusive,£70.00,https://www.whiskyshop.com/murray-mcdavid-linkwood-2012-9-year-old-uk-exclusive
Murray McDavid Glen Spey 2007 14 Year Old PX Sherry Cask UK Exclusive,£110.00,https://www.whiskyshop.com/murray-mcdavid-glen-spey-2007-14-year-old-px-sherry-cask-uk-exclusive
Murray McDavid Teaninich 2012 9 Year Old Pineau Des Charentes,£75.00,https://www.whiskyshop.com/murray-mcdavid-teaninich-2012-9-year-old-pineau-des-charentes
Glenfiddich Grand Yozakura 29 Year Old,"£1,500.00",https://www.whiskyshop.com/glenfiddich-grand-yozakura-29-year-old
Chivas Regal 13 Year Old Tequila Cask,£35.00,https://www.whiskyshop.com/chivas-regal-13-year-old-tequila-cask
Noble Rebel Smoke Symphony Blended Malt,£39.00,https://www.whiskyshop.com/noble-rebel-smoke-symphony-blended-malt
Noble Rebel Orchard Outburst Blended Malt,£39.00,https://www.whiskyshop.com/noble-rebel-orchard-outburst-blended-malt
Noble Rebel Hazelnut Harmony Blended Malt,£39.00,https://www.whiskyshop.com/noble-rebel-hazelnut-harmony-blended-malt
Signatory Vintage Staoisha 2013 9 Year Old,£62.00,https://www.whiskyshop.com/signatory-vintage-staoisha-2013-9-year-old
Signatory Vintage Secret Speyside 2009 13 Year Old,£50.00,https://www.whiskyshop.com/signatory-vintage-secret-speyside-2009-13-year-old
Signatory Vintage Secret Orkney 2009 13 Year Old,£50.00,https://www.whiskyshop.com/signatory-vintage-secret-orkney-2009-13-year-old
Murray McDavid Tomatin 15 Year Old,£119.00,https://www.whiskyshop.com/murray-mcdavid-tomatin-15-year-old-tws-exclusive
Kilchoman 2015 PX Sherry Cask,£110.00,https://www.whiskyshop.com/kilchoman-2015-px-sherry-cask-w-club-exclusive
Kilchoman Casado 2022,£77.00,https://www.whiskyshop.com/kilchoman-cascado-2022
Fettercairn Warehouse 14,£66.00,https://www.whiskyshop.com/fettercairn-warehouse-14-batch-1
Glenallachie 10 Year Old Spanish Oak Finish,£68.00,https://www.whiskyshop.com/glenallachie-10-year-old-spanish-oak-finish
Glenallachie 8 Year Old Scottish Oak Finish,£64.00,https://www.whiskyshop.com/glenallachie-8-year-old-scottish-oak
Glenallachie 7 Year Old Hungarian Oak Finish,£59.00,https://www.whiskyshop.com/glenallachie-7-year-old-hungarian-oak
Lochlea Sowing Edition Second Crop,£50.00,https://www.whiskyshop.com/lochlea-sowing-edition-second-crop
Thanks For Being My Best Man 6x3cl Whisky Gift Pack,£30.00,https://www.whiskyshop.com/thanks-for-being-my-best-man-6x3cl-whisky-gift-pack
Port Ellen Eidolon 40 Year Old,"£4,500.00",https://www.whiskyshop.com/port-ellen-eidolon-40-year-old
The Sovereign Cambus 34 Year Old,£215.00,https://www.whiskyshop.com/the-sovereign-cambus-34-year-old
Old Malt Cask Craigellachie 14 Year Old HL19718,£120.00,https://www.whiskyshop.com/old-malt-cask-craigellachie-14-year-old-tws-exclusive-hl19718
Highland Park 22 Year Old Platinum Old & Rare,£568.00,https://www.whiskyshop.com/highland-park-22-year-old-platinum-old-rare
Dalmore 31 Year Old Platinum Old & Rare,£847.00,https://www.whiskyshop.com/dalmore-31-year-old-platinum-old-rare
Glen Elgin 30 Year Old Platinum Old & Rare,£458.00,https://www.whiskyshop.com/glen-elgin-30-year-old-platinum-old-rare
Glen Grant 28 Year Old Platinum Old & Rare,£355.00,https://www.whiskyshop.com/glen-grant-28-year-old-platinum-old-rare
Tormore 33 Year Old Platinum Old & Rare,£435.00,https://www.whiskyshop.com/tormore-33-year-old-platinum-old-rare
Arran 24 Year Old Platinum Old & Rare,£478.00,https://www.whiskyshop.com/arran-24-year-old-platinum-old-rare
Glen Scotia 21 Year Old 2023,£252.00,https://www.whiskyshop.com/glen-scotia-21-year-old-2023
Macnair's Lum Reek 10 Year Old Cask Strength,£61.00,https://www.whiskyshop.com/macnair-s-lum-reek-10-year-old-cask-strength
Glenallachie 2012 9 Year Old Cuvee Wine Cask Finish,£56.00,https://www.whiskyshop.com/glenallachie-2012-9-year-old-cuvee-wine-cask-finish
Edradour 12 Year Old Caledonia,£64.00,https://www.whiskyshop.com/edradour-12-year-old-caledonia
Balblair 2006 #73,£179.00,https://www.whiskyshop.com/balblair-2006-73-tws-exclusive
Port Askaig 28 Year Old,£350.00,https://www.whiskyshop.com/port-askaig-28-year-old
Lochlea Ploughing Edition,£48.00,https://www.whiskyshop.com/lochlea-ploughing-edition
Johnnie Walker Black Label Icon 2.0,£34.99,https://www.whiskyshop.com/johnnie-walker-black-icon-2-0
Compass Box Flaming Heart 2022,£130.00,https://www.whiskyshop.com/compass-box-flaming-heart-2022
Dalmore 30 Year Old 2022,"£4,500.00",https://www.whiskyshop.com/dalmore-30-year-old-2022
Port Ellen 1978 25 Year Old 4th Annual Release,"£3,120.00",https://www.whiskyshop.com/port-ellen-1978-25-year-old-4th-annual-release
Gordon & Macphail Port Ellen 34 Year Old 1979 Rare Old,"£1,495.00",https://www.whiskyshop.com/gordon-macphail-port-ellen-1979-34-year-old-rare-old
Bowmore 1985 Vintage Feis Ile 2012,"£2,180.00",https://www.whiskyshop.com/bowmore-1985-vintage-feis-ile-2012
Glen Moray Warehouse 1 2013 Amontillado Cask,£75.00,https://www.whiskyshop.com/glen-moray-warehouse-1-2013-amontillado-cask
Glen Moray Warehouse 1 2010 Amarone Cask,£80.00,https://www.whiskyshop.com/glen-moray-warehouse-1-2010-amarone-cask
Caol Ila Distillers Edition Double Matured,£72.00,https://www.whiskyshop.com/caol-ila-distillers-edition-double-matured
The Loch Fyne Auchroisk 9 Year Old 2022, £69.00,https://www.whiskyshop.com/the-loch-fyne-auchroisk-9-year-old-2022
White Heather 21 Year Old,£120.00,https://www.whiskyshop.com/white-heather-21-year-old
Macallan 1999 Easter Elchies 2012 13 Year Old,"£9,280.00",https://www.whiskyshop.com/macallan-1999-easter-elchies-2012-13-year-old
Jura 1990,£695.00,https://www.whiskyshop.com/jura-1990
Black Bottle Alchemy Series Smoke & Dagger,£28.00,https://www.whiskyshop.com/black-bottle-alchemy-series-smoke-dagger
Black Bottle Alchemy Series Andean Oak,£28.00,https://www.whiskyshop.com/black-bottle-alchemy-series-andean-oak
Lagg Batch 3,£100.00,https://www.whiskyshop.com/lagg-batch-3
Lagg Batch 2,£100.00,https://www.whiskyshop.com/lagg-batch-2
Duncan Taylor Ardmore 2009 13 Year Old,£90.00,https://www.whiskyshop.com/duncan-taylor-ardmore-2009-13-year-old
Duncan Taylor Glentauchers 2009 13 Year Old,£100.00,https://www.whiskyshop.com/duncan-taylor-glentauchers-2009-13-year-old
Duncan Taylor Bunnahabhain 2008 13 Year Old,£100.00,https://www.whiskyshop.com/duncan-taylor-bunnahabhain-2008-13-year-old
Dalmore 18 Year Old 2022,£315.00,https://www.whiskyshop.com/dalmore-18-year-old-2022
Tamdhu Distinction 2,£69.00,https://www.whiskyshop.com/tamdhu-distinction-2
Tamdhu Miniature Pack 3x5cl,£27.00,https://www.whiskyshop.com/tamdhu-miniature-pack-3x5cl
Octave Iconic Speyside 2010 11 Year Old #2934518,£95.00,https://www.whiskyshop.com/octave-iconic-speyside-2010-11-year-old-2934518
Springbank 1964 Adelphi 32 Year Old,"£7,920.00",https://www.whiskyshop.com/springbank-1964-adelphi-32-year-old
Ardbeg 24 Year Old 1965 Cadenhead's Sestante Italy,"£6,280.00",https://www.whiskyshop.com/ardbeg-24-year-old-1965-cadenhead-s-sestante-italy
Benriach The Sixteen,£77.00,https://www.whiskyshop.com/benriach-the-sixteen
Private Collection Imperial 1979,"£3,000.00",https://www.whiskyshop.com/private-collection-imperial-1979
Private Collection Convalmore 1975 #2564,"£3,750.00",https://www.whiskyshop.com/private-collection-convalmore-1975-2564
Blended Grain #1 45 Year Old Batch 3 That Boutique-y Whisky Company,£189.95,https://www.whiskyshop.com/blended-grain-1-45-year-old-batch-3-that-boutique-y-whisky-company
Ben Nevis 25 Year Old Batch 16 That Boutique-y Whisky Company,£259.95,https://www.whiskyshop.com/ben-nevis-25-year-old-batch-16-that-boutique-y-whisky-company
Aberlour 31 Year Old Batch 10 That Boutique-y Whisky Company,£379.95,https://www.whiskyshop.com/aberlour-31-year-old-batch-10-that-boutique-y-whisky-company
Ben Nevis 1991 Platinum Old and Rare,"£1,200.00",https://www.whiskyshop.com/ben-nevis-1991-platinum-old-and-rare
Loch Lomond 24 Year Old Lee Westwood Single Cask ,£385.00,https://www.whiskyshop.com/loch-lomond-24-year-old-lee-westwood-single-cask
Octomore 13.1,£141.00,https://www.whiskyshop.com/octomore-13-1
Murray McDavid Mannochmore 2008 13 Year Old,£95.00,https://www.whiskyshop.com/murray-mcdavid-mannochmore-2008-13-year-old
Murray McDavid Ardmore 2011 11 Year Old,£85.00,https://www.whiskyshop.com/murray-mcdavid-ardmore-2011-11-year-old
Glen Scotia Double Cask Rum Cask Finish,£48.00,https://www.whiskyshop.com/glen-scotia-double-cask-rum-cask-finish
Glen Scotia 12 Year Old Seasonal Release 2022,£79.00,https://www.whiskyshop.com/glen-scotia-12-year-old-seasonal-release-2022
Springbank 32 Year Old,"£5,700.00",https://www.whiskyshop.com/springbank-32-year-old
Macallan M 2022,"£5,750.00",https://www.whiskyshop.com/macallan-m-2022
Benriach 24 Year Old 1997 Cask 7776 Batch 18,£350.00,https://www.whiskyshop.com/benriach-24-year-old-1997-cask-7776-batch-18
Benriach 27 Year Old 1994 Cask 2059 Batch 18,£531.00,https://www.whiskyshop.com/benriach-27yo-1994-cask-2059-batch-18
Old Pulteney Coastal Series Pineau Des Charentes,£74.00,https://www.whiskyshop.com/old-pulteney-coastal-series-pineau-des-charentes
Dalmore Vintage 2003,£352.00,https://www.whiskyshop.com/dalmore-vintage-2003
Ledaig 9 Year Old Red Wine Finish,£95.00,https://www.whiskyshop.com/ledaig-9-year-old-red-wine-finish
Deanston 2000 Organic Cask Strength,£180.00,https://www.whiskyshop.com/deanston-2000-organic
Springbank 35 Year Old Millennium Limited Edition,"£7,880.00",https://www.whiskyshop.com/springbank-35-year-old-millennium-limited-edition
Macallan 2003 Exceptional Cask #9064-03 2018 Release,"£5,400.00",https://www.whiskyshop.com/macallan-2003-exceptional-cask-9064-03-2018-release
Macallan 2002 Exceptional Cask #2340-04 2018 Release,"£6,500.00",https://www.whiskyshop.com/macallan-2002-exceptional-cask-2340-04-2018-release
Macallan 1997 Exceptional Single Cask #14813-12 2018 release,"£7,140.00",https://www.whiskyshop.com/macallan-1997-exceptional-single-cask-14813-12-2018-release
Compass Box Blenders Pack 3x5cl,£24.00,https://www.whiskyshop.com/compass-box-blenders-pack-3x5cl
Glenmorangie X,£31.00,https://www.whiskyshop.com/glenmorangie-x
Seaweed & AEONS & Digging & Fire 10yo Cask Strength,£79.99,https://www.whiskyshop.com/seaweed-aeons-digging-fire-10yo-cask-strength
Seaweed & AEONS & Digging & Fire & Sherry Cask & Cask Strength 10yo,£99.99,https://www.whiskyshop.com/seaweed-aeons-digging-fire-sherry-cask-cask-strength-10yo
Darkness Glenrothes 20 Year Old,£165.00,https://www.whiskyshop.com/darkness-glenrothes-20-year-old-w-club-exclusive
The Scotch Whisky Advent Calendar (2022),£149.95,https://www.whiskyshop.com/the-scotch-whisky-advent-calendar-2022
Mossburn Miltonduff 2008 13 Year Old,£102.00,https://www.whiskyshop.com/mossburn-miltonduff-2008-13-year-old-tws-exclusive
Mossburn Aultmore 2009 12 Year Old,£112.00,https://www.whiskyshop.com/mossburn-aultmore-2009-12-year-old-tws-exclusive
Compass Box Glasgow Blend,£38.00,https://www.whiskyshop.com/compass-box-glasgow-blend
Compass Box Artist Blend,£39.00,https://www.whiskyshop.com/compass-box-artist-blend
Elements of Islay Cask Edit,£45.00,https://www.whiskyshop.com/elements-of-islay-cask-edit
Elements of Islay Bourbon Cask,£59.95,https://www.whiskyshop.com/elements-of-islay-bourbon-cask
Elements of Islay Sherry Cask,£69.00,https://www.whiskyshop.com/elements-of-islay-sherry-cask
Laphroaig 10 Year Old Cask Strength Batch 15,£77.00,https://www.whiskyshop.com/laphroaig-10-year-old-cask-strength-batch-15
Balvenie The Week of Peat 17 Year Old,£116.00,https://www.whiskyshop.com/balvenie-week-of-peat-17-year-old
Arran Amarone Cask Finish,£54.00,https://www.whiskyshop.com/arran-amarone-cask-finish
Ardbeg Monsters of Smoke Pack 3x20cl,£39.00,https://www.whiskyshop.com/ardbeg-monsters-of-smoke-pack-3x20cl
Signatory Vintage Glen Mhor 1965 50 Year Old,"£5,300.00",https://www.whiskyshop.com/signatory-vintage-glen-mhor-1965-50-year-old
Dewar's 15 Year Old,£47.00,https://www.whiskyshop.com/dewar-s-15-year-old
Dewar's Special Reserve 12 Year Old,£25.00,https://www.whiskyshop.com/dewar-s-special-reserve-12-year-old
Dewar's 8 Year Old Rum Cask Finish,£26.00,https://www.whiskyshop.com/dewar-s-8-year-old-rum-cask-finish
Dewar's 8 Year Old Japanese Mizunara Cask Finish,£30.00,https://www.whiskyshop.com/dewar-s-8-year-old-japanese-mizunara-cask-finish
Dewar's 8 Year Old Mezcal Cask Finish,£26.00,https://www.whiskyshop.com/dewar-s-8-year-old-mezcal-cask-finish
Royal Brackla 18 Year Old ,£138.00,https://www.whiskyshop.com/royal-brackla-18-year-old
Waterford The Cuvee,£69.00,https://www.whiskyshop.com/waterford-the-cuvee
The Octave Culdrain 2011 11 Year Old #9634315,£99.00,https://www.whiskyshop.com/the-octave-culdrain-2011-11-year-old-9634315-tws-exclusive
Aberfeldy 12 Year Old Gold Tin,£41.00,https://www.whiskyshop.com/aberfeldy-12-year-old-gold-tin
Glenallachie 18 Year Old 2023,£149.00,https://www.whiskyshop.com/glenallachie-18-year-old-2023
Glenfarclas 30 Year Old Warehouse,£730.00,https://www.whiskyshop.com/glenfarclas-30-year-old-warehouse
SMWS 29.63 (Laphroaig) 1989 18 Year Old,£880.00,https://www.whiskyshop.com/smws-29-63-laphroaig-1989-18-year-old
Springbank 45 Year Old Millennium Limited Edition,"£11,800.00",https://www.whiskyshop.com/springbank-45-year-old-millennium-limited-edition
Springbank 30 Year Old Millennium Limited Edition,"£9,500.00",https://www.whiskyshop.com/springbank-30-year-old-millennium-limited-edition
Springbank 25 Year Old Millennium Limited Edition,"£5,280.00",https://www.whiskyshop.com/springbank-25-year-old-millennium-limited-edition
Ardbeg 17 Year Old,£600.00,https://www.whiskyshop.com/ardbeg-17-year-old
Fettercairn 16 Year Old 3rd Release 2022,£71.00,https://www.whiskyshop.com/fettercairn-16-year-old-3rd-release-2022
Ballechin 10 Year Old,£51.00,https://www.whiskyshop.com/ballechin-10-year-old
Smokehead Unfiltered Single Malt,£37.00,https://www.whiskyshop.com/smokehead-unfiltered-single-malt
Tamdhu Batch Strength 7,£77.00,https://www.whiskyshop.com/tamdhu-batch-strength-7
Clydeside Stobcross,£49.00,https://www.whiskyshop.com/clydeside-stobcross
Macallan 1981 Exceptional Cask #9780,"£5,400.00",https://www.whiskyshop.com/macallan-1981-exceptional-cask-9780
Springbank 25 Year Old J. Archibald Mitchell,"£4,280.00",https://www.whiskyshop.com/springbank-25-year-old-j-archibald-mitchell
Hebridean Journey Series Blended Malt,£35.00,https://www.whiskyshop.com/hebridean-journey-series-blended-malt
Islay Journey Series Blended Malt,£35.00,https://www.whiskyshop.com/islay-journey-series-blended-malt
Highland Journey Series Blended Malt,£35.00,https://www.whiskyshop.com/highland-journey-series
Compass Box Menagerie,£89.00,https://www.whiskyshop.com/compass-box-menagerie
Compass Box Canvas,£99.00,https://www.whiskyshop.com/compass-box-canvas
Murray McDavid Ardmore 2008 13 Year Old,£95.00,https://www.whiskyshop.com/murray-mcdavid-ardmore-2008-13-year-old
Murray McDavid Glenburgie 2008 13 Year Old,£98.00,https://www.whiskyshop.com/murray-mcdavid-glenburgie-2008-13-year-old
Lochlea Our Barley,£45.00,https://www.whiskyshop.com/lochlea-our-barley
Port Ellen 1979 37 Year Old Goren's Whisky,"£3,850.00",https://www.whiskyshop.com/port-ellen-1979-37-year-old-goren-s-whisky
Macallan 1980 Exceptional Cask #4063,"£6,000.00",https://www.whiskyshop.com/macallan-1980-exceptional-cask-4063
Macallan The Coronation,"£9,600.00",https://www.whiskyshop.com/macallan-the-coronation
Macallan 2005 Exceptional Cask #5223-10 2017 Release,"£4,860.00",https://www.whiskyshop.com/macallan-2005-exceptional-cask-5223-10-2017-release
Battlehill Glentauchers 2011 11 Year Old,£70.00,https://www.whiskyshop.com/battlehill-glentauchers-2011-11-year-old
Battlehill Glenrothes 2009 12 Year Old,£75.00,https://www.whiskyshop.com/battlehill-glenrothes-12-year-old
Duncan Taylor Glenrothes 2009 12 Year Old,£80.00,https://www.whiskyshop.com/duncan-taylor-glenrothes-2009-12-year-old
Loch Lomond 1993 29 Year Old Mizunara Cask,"£1,500.00",https://www.whiskyshop.com/loch-lomond-1993-29-year-old-mizunara-cask
First Editions Craigellachie 2007 14 Year Old,£112.00,https://www.whiskyshop.com/first-editions-craigellachie-2007-14-year-old
Platinum Auchentoshan 1991 31 Year Old,£385.00,https://www.whiskyshop.com/platinum-auchentoshan-1991-31-year-old
Platinum Arran 1997 25 Year Old,£495.00,https://www.whiskyshop.com/platinum-arran-1997-25-year-old
Macallan 10 Year Old (Full Proof) Giovinetti & Figli,"£4,250.00",https://www.whiskyshop.com/macallan-10-year-old-full-proof-giovinetti-figli
Glenfiddich Orchard Experimental Series,£41.95,https://www.whiskyshop.com/glenfiddich-orchard-experimental-series
Macallan 18 Year Old 2016 Release,£900.00,https://www.whiskyshop.com/macallan-18-year-old-2016-release
Macallan 25 Year Old Sherry Oak Pre 2018,"£5,800.00",https://www.whiskyshop.com/macallan-25-year-old-sherry-oak-pre-2018
Glenfiddich 30 Year Old Suspended Time,£975.00,https://www.whiskyshop.com/glenfiddich-30-year-old-re-imagination-of-time
Lagavulin 30 Year Old 1976,"£4,850.00",https://www.whiskyshop.com/lagavulin-30-year-old-1976
Private Collection Benrinnes 1978 #1636,"£2,099.00",https://www.whiskyshop.com/private-collection-benrinnes-1978-1636
Darkness Mortlach 20 Year Old Oloroso Cask,£179.95,https://www.whiskyshop.com/darkness-mortlach-20-year-old-oloroso-cask
Darkness Glen Garioch 18 Year Old Oloroso,£149.95,https://www.whiskyshop.com/darkness-glen-garioch-18-year-old-oloroso
Darkness Cambus 29 Year Old Oloroso Cask,£149.95,https://www.whiskyshop.com/darkness-cambus-29-year-old-oloroso-cask
Darkness Craigellachie 10 Year Old Oloroso Cask,£109.95,https://www.whiskyshop.com/darkness-craigellachie-10-year-old-oloroso-cask
Ardnamurchan Single Malt 2022,£47.00,https://www.whiskyshop.com/ardnamurchan-single-malt-2022
Springbank 24 Year Old 1966 Cask #442 Local Barley,"£14,400.00",https://www.whiskyshop.com/springbank-24-year-old-1966-cask-442-local-barley
Macallan 1997 Easter Elchies 2010 13 Year Old,"£7,320.00",https://www.whiskyshop.com/macallan-1997-easter-elchies-2010-13-year-old
Macallan 1996 Easter Elchies 2013 17 Year Old,"£7,200.00",https://www.whiskyshop.com/macallan-1996-easter-elchies-2013-17-year-old
Macallan 25 Year Old 2022,"£2,200.00",https://www.whiskyshop.com/macallan-25-year-old-2022
It's A Small World Whisky Blend Batch 1 That Boutique-y Whisky Company,£50.95,https://www.whiskyshop.com/it-s-a-small-world-whisky-blend-batch-1-that-boutique-y-whisky-company
Islay #3 13 Year Old Batch 5 That Boutique Whisky Company,£174.99,https://www.whiskyshop.com/islay-3-13-year-old-batch-5-that-boutique-whisky-company
Glenallachie 1st Fill Bourbon 10 Year Old Batch 6 That Boutique-y Whisky Company,£69.95,https://www.whiskyshop.com/glenallachie-1st-fill-bourbon-10-year-old-that-boutique-y-whisky-company
Caisteal Chamuis Blended Malt 12 Year Old,£53.00,https://www.whiskyshop.com/caisteal-chamuis-blended-malt-12-year-old
The Kinship Bunnahabhain 1990 32 Year Old,£485.00,https://www.whiskyshop.com/the-kinship-bunnahabhain-32-year-old
Laphroaig 3x5cl Miniature Pack ,£27.00,https://www.whiskyshop.com/laphroaig-3x5cl-miniature-pack
Macallan 18 Year Old Sherry Cask 2022,£395.00,https://www.whiskyshop.com/macallan-18-year-old-sherry-cask-2022
Tomatin 1989 32 Year Old Connoisseurs Choice,£779.00,https://www.whiskyshop.com/tomatin-1989-32-year-old-connoisseurs-choice
Glendronach Port Wood,£60.00,https://www.whiskyshop.com/glendronach-port-wood
Talisker 44 Year Old,"£3,500.00",https://www.whiskyshop.com/talisker-44-year-old
North Star Mannochmore 10 Year Old,£72.00,https://www.whiskyshop.com/north-star-mannochmore-10-year-old-tws-exclusive
Loch Lomond 46 Year Old,"£4,500.00",https://www.whiskyshop.com/loch-lomond-46-year-old
Highland Park 1989 32 Year Old Connoisseurs Choice,£779.00,https://www.whiskyshop.com/highland-park-1989-32-year-old-connoisseurs-choice
Old Malt Cask Mortlach 2007 14 Year Old,£105.00,https://www.whiskyshop.com/old-malt-cask-mortlach-2007-14-year-old
Cask Treasures Secret Grain 10 Year Old,£55.00,https://www.whiskyshop.com/cask-treasures-secret-grain-10-year-old
White Heather 15 Year Old,£61.99,https://www.whiskyshop.com/white-heather-15-year-old
Macallan Speymalt 1950,"£4,999.00",https://www.whiskyshop.com/macallan-speymalt-1950
Tamdhu 18 Year Old,£140.00,https://www.whiskyshop.com/tamdhu-18-year-old
Pigs Nose Blend,£21.00,https://www.whiskyshop.com/pigs-nose-blend
Chivas Regal 12 Year Old 4.5 Litre,£219.00,https://www.whiskyshop.com/chivas-regal-12-year-old-4-5-litre
Ballantine's Finest,£23.00,https://www.whiskyshop.com/ballantines-finest
Glenlivet 1978 Private Collection,"£2,099.00",https://www.whiskyshop.com/glenlivet-1978-private-collection
Mortlach 1978 Private Collection,"£2,099.00",https://www.whiskyshop.com/mortlach-1978-private-collection
Scapa Glansa,£46.00,https://www.whiskyshop.com/scapa-glansa-the-orcadian
Longmorn 18 Year Old,£103.00,https://www.whiskyshop.com/longmorn-18-year-old
Tomatin Cask Strength,£45.00,https://www.whiskyshop.com/catalog/product/view/id/31872/s/tomatin-cask-strength/category/949/
Tomatin 18 Year Old,£94.95,https://www.whiskyshop.com/tomatin-18-year-old
Chivas Regal 15 Year Old,£46.00,https://www.whiskyshop.com/chivas-regal-15-year-old
Chivas Regal 13 Year Old,£37.00,https://www.whiskyshop.com/chivas-regal-13-year-old
Glen Keith 25 Year Old,£402.00,https://www.whiskyshop.com/glen-keith-25-year-old
Glen Keith 21 Year Old,£181.00,https://www.whiskyshop.com/glen-keith-21-year-old
Easter Hunt Whisky Gift Pack,£30.00,https://www.whiskyshop.com/easter-hunt-whisky-gift-pack
Happy Easter Eggs Whisky Gift Pack,£30.00,https://www.whiskyshop.com/happy-easter-eggs-whisky-gift-pack
Balvenie 16 Year Old French Oak,£134.00,https://www.whiskyshop.com/balvenie-16-year-old-french-oak
Inchmurrin 22 Year Old Batch 6 That Boutique-y Whisky Company,£119.95,https://www.whiskyshop.com/inchmurrin-22-year-old-batch-6-that-boutique-y-whisky-company
The Irishman The Harvest,£36.00,https://www.whiskyshop.com/the-irishman-the-harvest
Berry Bros. & Rudd Glen Grant 1998 #13214,£230.00,https://www.whiskyshop.com/berry-bros-rudd-glen-grant-1998-13214
Glenfarclas 10 Year Old Single Malt,£39.00,https://www.whiskyshop.com/glenfarclas-10-year-old-single-malt
Glenfarclas 105 Cask Strength,£68.00,https://www.whiskyshop.com/glenfarclas-105-cask-strength
The Octave Glenrothes 2009 12 Year Old,£120.00,https://www.whiskyshop.com/the-octave-glenrothes-2009-12-year-old
Macallan Fine Oak 21 Year Old,"£2,100.00",https://www.whiskyshop.com/macallan-fine-oak-21-year-old
Oban Distillers Edition 2021, £78.00,https://www.whiskyshop.com/oban-distillers-edition-2021
Cragganmore Distillers Edition 2021,£70.00,https://www.whiskyshop.com/cragganmore-distillers-edition-2021
Tomatin 14 Year Old,£55.00,https://www.whiskyshop.com/tomatin-14-year-old
Tomatin 12 Year Old ,£43.00,https://www.whiskyshop.com/tomatin-12-year-old
River Rock Single Malt,£35.00,https://www.whiskyshop.com/river-rock-single-malt
Murray McDavid Linkwood 2008 13 Year Old ,£105.00,https://www.whiskyshop.com/murray-mcdavid-linkwood-2008-13-year-old
The Octave Dalmunach 2016 5 Year Old #10821726,£67.00,https://www.whiskyshop.com/the-octave-dalmunach-2016
Johnnie Walker Red Gift Tin,£22.00,https://www.whiskyshop.com/johnnie-walker-red-gift-tin
Glengoyne 36 Year Old Russell Family Cask,"£3,595.00",https://www.whiskyshop.com/glengoyne-36-year-old-russell-family-cask
Old & Rare Magnum Ardbeg 1991 30 Year Old 1.5 Litre,"£3,999.00",https://www.whiskyshop.com/magnum-ardbeg-1991-30-year-old
Macallan A Night on Earth in Scotland,£125.00,https://www.whiskyshop.com/macallan-a-night-on-earth-in-scotland
The Macallan Harmony Collection Rich Cacao,£215.00,https://www.whiskyshop.com/the-macallan-harmony-collection-rich-cacao
Black Bull 21 Year Old ,£115.00,https://www.whiskyshop.com/black-bull-21-year-old
Highland Park 15 Year Old,£94.00,https://www.whiskyshop.com/highland-park-15-year-old
Johnnie Walker Blue Label Ghost & Rare: Pittyvaich ,£275.00,https://www.whiskyshop.com/johnnie-walker-ghost-and-rare-pittyvaich
Johnnie Walker Director's Blend 2011,"£3,500.00",https://www.whiskyshop.com/johnnie-walker-director-s-blend-2011
Torabhaig Allt Gleann Legacy ,£55.00,https://www.whiskyshop.com/torabhaig-allt-gleann-legacy
Linkwood 1994 Connoiseur's Choice 21/098,£260.00,https://www.whiskyshop.com/linkwood-1994-connoiseur-s-choice-21-098
Macallan 30 Year Old Double Cask 2021,"£3,950.00",https://www.whiskyshop.com/macallan-30-year-old-double-cask-2021
Royal Lochnagar 16 Year Old Diageo Special Release 2021 ,£200.00,https://www.whiskyshop.com/royal-lochnagar-16-year-old-diageo-special-release-2021
Stylish Whisky Barrel Single Malt Scotch Whisky Decanter with 2 Glasses,£49.00,https://www.whiskyshop.com/stylish-whisky-barrel-single-malt-scotch-whisky-decanter-with-2-glasses
Darkness Strathisla 15 Year Old Moscatel Cask Finish,£181.00,https://www.whiskyshop.com/darkness-strathisla-15-year-old-moscatel-cask-finish
Darkness Campbeltown 6 Year Old Oloroso Cask Finish,£58.00,https://www.whiskyshop.com/darkness-campbeltown-6-year-old-oloroso-cask-finish
Benromach 40 Year Old (2022 Release),"£2,500.00",https://www.whiskyshop.com/benromach-40-year-old
Westport 21 Year Old Batch 1 That Boutique-y Whisky Company,£156.00,https://www.whiskyshop.com/westport-21-year-old-batch-1-that-boutique-y-whisky-company
Strathmill 22 Year Old Batch 7 That Boutique-y Whisky Company ,£205.00,https://www.whiskyshop.com/strathmill-22-year-old-batch-7-that-boutique-y-whisky-company
Aultmore 38 Year Old Batch 17 That Boutique-y Whisky Company ,£715.00,https://www.whiskyshop.com/aultmore-38-year-old-batch-17-that-boutique-y-whisky-company
Glengoyne 12 Year Old Time Keeper,£48.00,https://www.whiskyshop.com/glengoyne-time-keeper
Glengoyne Time Capsule Miniature Pack 3x5cl,£26.00,https://www.whiskyshop.com/glengoyne-time-capsule-miniature-pack-3x5cl
Laphroaig 33 Year Old The Ian Hunter Story Book Three,"£1,250.00",https://www.whiskyshop.com/laphroaig-33-year-old-the-ian-hunter-story-book-3
Gordon & MacPhail Ardmore 1991 Cask Strength,£174.00,https://www.whiskyshop.com/ardmore-1991-cask-strength-gordon-macphail
Loch Lomond 12 Year Old Gift Set 3x20cl,£54.00,https://www.whiskyshop.com/loch-lomond-12-year-old-gift-pack-20cl
Loch Lomond 12 Year Old 20cl,£19.00,https://www.whiskyshop.com/loch-lomond-12-year-old-20cl
Glen Scotia Double Cask & 15 Year Old 2x20cl,£44.00,https://www.whiskyshop.com/glen-scotia-double-cask-glen-scotia-15-year-old-dual-pack
Glen Scotia Double Cask 20cl,£23.00,https://www.whiskyshop.com/glen-scotia-double-cask-20cl
Glen Scotia Double Cask & Glass 20cl,£21.00,https://www.whiskyshop.com/glen-scotia-double-cask-glass-20cl
Glen Scotia 15 Year Old 20cl,£26.00,https://www.whiskyshop.com/glen-scotia-15-year-old-20cl
The Octave Glen Elgin 2010 10 Year Old,£110.00,https://www.whiskyshop.com/the-octave-glen-elgin-2010-10-year-old-tws-exclusive
Gordon & MacPhail Glenlivet 1949 ,"£3,850.00",https://www.whiskyshop.com/glenlivet-1949-gordon-macphail
Benromach 2012 Peat Smoke Sherry Cask Matured,£51.00,https://www.whiskyshop.com/benromach-2012-peat-smoke-sherry-cask-matured
Singleton of Dufftown 25 Year Old,£330.00,https://www.whiskyshop.com/singleton-of-dufftown-25-year-old
Singleton of Dufftown 21 Year Old,£182.00,https://www.whiskyshop.com/singleton-of-duffton-21-year-old
Loch Lomond 12 Year Old & Glass 20cl,£21.00,https://www.whiskyshop.com/loch-lomond-12yo-glass-20cl
Murray McDavid Bowmore 1989 17 Year Old Aficionado,£350.00,https://www.whiskyshop.com/bowmore-1989-17-year-old-single-cask-murray-mcdavid-aficionado
Benriach Malting Season,£98.00,https://www.whiskyshop.com/benriach-malting-season
Blended Malt #1 25 Year Old That Boutique-y Whisky Company,£131.00,https://www.whiskyshop.com/blended-malt-25-year-old-that-boutique-y-whisky-company
Ailsa Bay 1.2 Gift Set,£61.00,https://www.whiskyshop.com/ailsa-bay-gift-pack
Black Bull Kyloe,£29.00,https://www.whiskyshop.com/black-bull-kyloe
Lindores Abbey MCDXCIV,£46.00,https://www.whiskyshop.com/lindores-abbey-mcdxciv
Laphroaig 16 Year Old ,£94.00,https://www.whiskyshop.com/laphroaig-16-year-old
Balblair 2006 #78,£191.00,https://www.whiskyshop.com/balblair-2006-78-the-w-club-exclusive
Glen Grant 1951 bottled in 2013 ,"£3,750.00",https://www.whiskyshop.com/gordon-macphail-glen-grant-1951-60-year-old
Green Isle,£33.00,https://www.whiskyshop.com/green-isle
Fiona Macleod 33 Year Old The Character of Islay Whisky Company ,£410.00,https://www.whiskyshop.com/fiona-macleod-33-year-old-the-character-of-islay-whisky-company
Darkness Dalmore 14 Year Old Oloroso Cask,£134.00,https://www.whiskyshop.com/darkness-dalmore-14-year-old-oloroso-cask
Loch Lomond Peated Single Grain,£29.00,https://www.whiskyshop.com/loch-lomond-peated-single-grain
Personalised Famous Grouse,£26.00,https://www.whiskyshop.com/personalised-famous-grouse
Aerstone 10 Year Old Land Cask,£31.00,https://www.whiskyshop.com/aerstone-10-year-old-land-cask
Aerstone 10 Year Old Sea Cask ,£31.00,https://www.whiskyshop.com/aerstone-10-year-old-sea-cask
Linkwood 12 year old Flora and Fauna,£53.00,https://www.whiskyshop.com/linkwood-12-year-old-flora-and-fauna
Laphroaig 10 Year Old Sherry Oak Finish,£63.00,https://www.whiskyshop.com/laphroaig-10-year-old-sherry-oak
Kingsbarns Balcomie,£48.00,https://www.whiskyshop.com/kingsbarns-balcomie
Glenturret 25 Year Old 2021 Release,"£1,250.00",https://www.whiskyshop.com/glenturret-25-year-old
Glenturret 10 Year Old Peat Smoked,£60.00,https://www.whiskyshop.com/glenturret-10-year-old-peat-smoked
Glenturret 12 Year Old,£66.00,https://www.whiskyshop.com/glenturret-12-year-old
Glentauchers 44 Year Old That Boutique-y Whisky Company,£716.00,https://www.whiskyshop.com/glentauchers-44-year-old-that-boutique-y-whisky-company
Strathisla 1987 33 Year Old Connoisseurs Choice,£770.00,https://www.whiskyshop.com/strathisla-1987-33-year-old-connoisseurs-choice
Littlemill Testament 1976,"£7,999.00",https://www.whiskyshop.com/littlemill-testament-1976
Glenfiddich Grande Couronne 26 Year Old, £490.00,https://www.whiskyshop.com/glenfiddich-grande-couronne-26-year-old
Ledaig Sinclair Series Rioja Cask Finish,£34.00,https://www.whiskyshop.com/ledaig-sinclair-series-rioja-cask-finish
"The Macallan An Estate, A Community and A Distillery","£1,225.00",https://www.whiskyshop.com/macallan-sir-peter-blake-edition
Benriach Smoke Season,£51.00,https://www.whiskyshop.com/benriach-the-smoke-season
Tamdhu 15 Year Old,£84.00,https://www.whiskyshop.com/tamdhu-15-year-old
Tamdhu 12 Year Old,£45.00,https://www.whiskyshop.com/tamdhu-12-year-old
Glengoyne 30 Year Old,£950.00,https://www.whiskyshop.com/glengoyne-30-year-old
Glengoyne 25 Year Old,£485.00,https://www.whiskyshop.com/glengoyne-25-year-old
Glengoyne 12 Year Old,£42.00,https://www.whiskyshop.com/glengoyne-12-year-old
Glengoyne 10 Year Old,£37.00,https://www.whiskyshop.com/glengoyne-10-year-old
Johnnie Walker Blue Label Legendary Eight,£300.00,https://www.whiskyshop.com/johnnie-walker-blue-label-legendary-eight
Aberlour 14 Year Old Double Cask ,£59.00,https://www.whiskyshop.com/aberlour-14-year-old-double-cask
Gordon & MacPhail Glen Grant 1953 60 Year Old,"£3,000.00",https://www.whiskyshop.com/gordon-macphail-glen-grant-1953-60-year-old
Bunnahabhain 30 Year Old,£620.00,https://www.whiskyshop.com/bunnahabhain-30-year-old
Benromach 21 Year Old,£145.00,https://www.whiskyshop.com/benromach-21-year-old
Paul John Christmas Edition 2020,£72.00,https://www.whiskyshop.com/paul-john-christmas-edition-2020
Compass Box Magic Cask,£163.00,https://www.whiskyshop.com/compass-box-magic-cask
Black Bottle 10 Year Old,£26.00,https://www.whiskyshop.com/black-bottle-10-year-old
The Singleton of Glen Ord 38 Year Old Epicurean Odyssey,"£2,100.00",https://www.whiskyshop.com/the-singleton-of-glen-ord-38-year-old-epicurean-odyssey
Drinks By The Dram Whisky Baubles ,£41.00,https://www.whiskyshop.com/drinks-by-the-dram-whisky-baubles
Compass Box Peat Monster Arcana,£77.00,https://www.whiskyshop.com/compass-box-arcana
Malts Discovery Collection 3x5cl,£21.00,https://www.whiskyshop.com/malts-discovery-collection-3x5cl
Johnnie Walker Black Label Gift Tin,£28.00,https://www.whiskyshop.com/johnnie-walker-black-label-gift-tin
Compass Box Rogues Banquet,£191.00,https://www.whiskyshop.com/compass-box-rogues-banquet
Compass Box Juveniles,£74.00,https://www.whiskyshop.com/compass-box-juveniles
Compass Box Flaming Heart,£125.00,https://www.whiskyshop.com/compass-box-flaming-heart
Gordon & MacPhail Glen Grant 1954 59 Year Old,"£2,500.00",https://www.whiskyshop.com/gordon-macphail-glen-grant-1954-59-year-old
Ardbeg Wee Beastie,£38.00,https://www.whiskyshop.com/ardbeg-wee-beastie
Dalmore 12 Year Old Sherry Cask Select,£80.00,https://www.whiskyshop.com/dalmore-12-year-old-sherry-cask
Fettercairn 46 Year Old,"£8,300.00",https://www.whiskyshop.com/fettercairn-46-year-old
Deanston 2002 Pinot Noir Cask,£105.00,https://www.whiskyshop.com/deanston-2002-pinot-noir-cask
Deanston 2002 Organic,£128.00,https://www.whiskyshop.com/deanston-2002-organic
Benriach The Smoky Ten,£41.00,https://www.whiskyshop.com/benriach-the-smoky-ten
Benriach The Original Ten,£37.00,https://www.whiskyshop.com/benriach-the-original-ten
Benriach The Smoky Twelve,£48.00,https://www.whiskyshop.com/benriach-the-smoky-twelve
Benriach The Twelve, £44.00,https://www.whiskyshop.com/benriach-the-twelve
Loch Lomond 21 Year Old,£199.00,https://www.whiskyshop.com/loch-lomond-21-year-old
Fettercairn 22 Year Old,£244.00,https://www.whiskyshop.com/fettercairn-22-year-old
The Glenlivet Spectra,£105.00,https://www.whiskyshop.com/glenlivet-spectra
Ardbeg 1972 VELIER,"£6,995.00",https://www.whiskyshop.com/ardbeg-1972-velier
Stylish Whisky Mini Nessie Decanter 10cl,£29.00,https://www.whiskyshop.com/stylish-whisky-mini-nessie-decanter-10cl
Stylish Whisky Mini Piper Decanter 10cl,£29.00,https://www.whiskyshop.com/stylish-whisky-mini-piper-decanter-10cl
Stylish Whisky Mini Golf Decanter 10cl,£29.00,https://www.whiskyshop.com/stylish-whisky-mini-golf-decanter-10cl
Arran Quarter Cask The Bothy,£52.00,https://www.whiskyshop.com/arran-quarter-cask-the-bothy
Singleton of Dufftown 12 Year Old Gift Set,£42.00,https://www.whiskyshop.com/singleton-of-dufftown-12-year-old-gift-set
Laphroaig Lore Gift Set,£80.00,https://www.whiskyshop.com/laphroaig-lore-gift-set
Benromach 15 Year Old,£75.00,https://www.whiskyshop.com/benromach-15-year-old
GlenAllachie 15 Year Old,£71.00,https://www.whiskyshop.com/glenallachie-15-year-old
The Loch Fyne Pick 'n' Mix Gift Box,£38.00,https://www.whiskyshop.com/the-loch-fyne-gift-builder
Magnum Highland Cream Liqueur,£24.00,https://www.whiskyshop.com/magnum-highland-cream-liqueur
Balblair 25 Year Old,£590.00,https://www.whiskyshop.com/balblair-25-year-old
Glenfiddich Grand Cru 23 Year Old, £240.00,https://www.whiskyshop.com/glenfiddich-grand-cru-23-year-old
Johnnie Walker Taster Gift Set 3x5cl,£13.00,https://www.whiskyshop.com/johnnie-walker-taster-gift-set-3x5cl
Brora 40 Year Old 200th Anniversary,"£7,480.00",https://www.whiskyshop.com/brora-40-year-old-200th-anniversary
The Last Drop 56 Year Old Blended Scotch Whisky,"£3,750.00",https://www.whiskyshop.com/the-last-drop-56-year-old
GlenAllachie 12 Year Old,£50.00,https://www.whiskyshop.com/glenallachie-12-year-old
Old Pulteney 25 Year Old ,£447.00,https://www.whiskyshop.com/old-pulteney-25-year-old-2019
Compass Box The Circle,£125.00,https://www.whiskyshop.com/compass-box-the-circle
Highland Park 12 Year Old,£40.00,https://www.whiskyshop.com/highland-park-12-year-old
Stylish Whisky Golf Club Decanter 20cl,£49.00,https://www.whiskyshop.com/stylish-whisky-golf-club-decanter-20cl
Speyburn Bradan Orach,£36.00,https://www.whiskyshop.com/speyburn-bradan-orach
Pot Still Decanter with Tap & 2 Glasses,£89.00,https://www.whiskyshop.com/pot-still-tap-and-glasses
The Lost Distillery Co. Dalaruan,£52.00,https://www.whiskyshop.com/the-lost-distillery-co-dalaruan
Auchentoshan Gift Pack 3x5cl,£17.00,https://www.whiskyshop.com/auchentoshan-gift-pack-3x5cl
Kilchoman Sanaig 20cl,£27.00,https://www.whiskyshop.com/kilchoman-sanaig-20cl
Loch Lomond Signature,£31.00,https://www.whiskyshop.com/loch-lomond-signature
Loch Lomond Original,£25.00,https://www.whiskyshop.com/loch-lomond-original
Piper Decanter,£89.00,https://www.whiskyshop.com/piper-decanter
Kilchoman Machir Bay 20cl,£21.00,https://www.whiskyshop.com/kilchoman-marchir-bay-20cl
Jura 21 Year Old Tide,£153.00,https://www.whiskyshop.com/jura-21-year-old-tide
Stylish Whisky Globe Decanter 20cl,£49.00,https://www.whiskyshop.com/stylish-whisky-globe-decanter-20cl
Glengoyne 21 Year Old,£175.00,https://www.whiskyshop.com/glengoyne-21-year-old
Macallan Genesis,"£5,400.00",https://www.whiskyshop.com/macallan-genesis
Balvenie The Week of Peat 14 Year Old,£78.00,https://www.whiskyshop.com/balvenie-the-week-of-peat-14-year-old
Balvenie The Sweet Toast of American Oak 12 Year Old,£50.00,https://www.whiskyshop.com/balvenie-the-sweet-toast-of-american-oak-12-year-old
Johnnie Walker 18 Year Old,£70.00,https://www.whiskyshop.com/johnnie-walker-18-year-old
Whisky Works King of Trees 10 Year Old,£78.00,https://www.whiskyshop.com/whisky-works-king-of-trees-10-year-old
Tobermory 12 Year Old,£42.00,https://www.whiskyshop.com/tobermory-12-year-old
Balblair 15 Year Old,£79.00,https://www.whiskyshop.com/balblair-15-year-old
Kingsbarns Dream to Dram,£50.00,https://www.whiskyshop.com/kingsbarns-dream-to-dram
Compass Box The Spaniard,£54.00,https://www.whiskyshop.com/compass-box-the-spaniard
Compass Box Hedonism,£70.00,https://www.whiskyshop.com/compass-box-hedonism
Glenglassaugh Evolution,£43.00,https://www.whiskyshop.com/glenglassaugh-evolution
Glen Moray Mastery,£930.00,https://www.whiskyshop.com/glen-moray-mastery
Talisker 1953 24 Year Old Connoisseur's Choice,"£3,000.00",https://www.whiskyshop.com/talisker-1953-24-year-old-connoisseur-s-choice
Johnnie Walker Green Label,£46.00,https://www.whiskyshop.com/johnnie-walker-green-label
Laphroaig Select,£34.00,https://www.whiskyshop.com/laphroaig-select
Royal Brackla 12 Years Old,£60.00,https://www.whiskyshop.com/royal-brackla-12-years-old
Glenmorangie Original,£37.00,https://www.whiskyshop.com/glenmorangie-original
Royal Lochnagar 12 Year Old,£44.00,https://www.whiskyshop.com/royal-lochnagar-12-year-old
Scotland in a Box,£71.00,https://www.whiskyshop.com/scotland-in-a-box
Glenfarclas 1984 ,"£5,500.00",https://www.whiskyshop.com/glenfarclas-1984
Glenfarclas 1975 ,"£5,900.00",https://www.whiskyshop.com/glenfarclas-1975
Glenfarclas 1974,"£3,500.00",https://www.whiskyshop.com/glenfarclas-1974
Glenfarclas 1973,"£3,500.00",https://www.whiskyshop.com/glenfarclas-1973
Glenfarclas 1967,"£3,999.00",https://www.whiskyshop.com/glenfarclas-1967
Glenfarclas 1965,"£3,999.00",https://www.whiskyshop.com/glenfarclas-1965
Glenfarclas 1961,"£4,400.00",https://www.whiskyshop.com/glenfarclas-1961
Glenfarclas 1957,"£10,850.00",https://www.whiskyshop.com/glenfarclas-1957
Cragganmore Distillers Edition ,£76.00,https://www.whiskyshop.com/cragganmore-distillers-edition
Aberlour 16 Year Old ,£110.00,https://www.whiskyshop.com/aberlour-16-year-old
Strathmill 12 year old ,£52.00,https://www.whiskyshop.com/strathmill-12-year-old
Singleton of Dufftown 15 Year Old,£56.00,https://www.whiskyshop.com/singleton-of-dufftown-15-year-old
Talisker 10 year old 20cl,£18.00,https://www.whiskyshop.com/talisker-10-year-old-20cl
Singleton of Dufftown 18 Year Old,£75.00,https://www.whiskyshop.com/singleton-of-dufftown-18-year-old
Compass Box The Peat Monster ,£49.00,https://www.whiskyshop.com/compass-box-the-peat-monster
Knockando 12 year old ,£43.00,https://www.whiskyshop.com/knockando-12-year-old
Golfer and Ball,£72.00,https://www.whiskyshop.com/golfer-and-ball
Glenlossie 10 year old,£63.00,https://www.whiskyshop.com/glenlossie-10-year-old
The Glenlivet 12 Year Old,£39.00,https://www.whiskyshop.com/the-glenlivet-12-year-old
Glenkinchie 12 year old 20cl,£18.00,https://www.whiskyshop.com/glenkinchie-12-year-old-20cl
Glenglassaugh 40 Year Old Whisky,"£1,600.00",https://www.whiskyshop.com/glenglassaugh-40-year-old-teardrop
Dalwhinnie 15 Year Old 20cl,£14.00,https://www.whiskyshop.com/dalwhinnie-15-year-old-20cl
Cragganmore 12 Year Old 20cl,£18.00,https://www.whiskyshop.com/cragganmore-12-year-old-20cl
Chivas Regal 12 Year Old ,£27.00,https://www.whiskyshop.com/chivas-regal-12-year-old-whisky
Black Bottle,£20.00,https://www.whiskyshop.com/black-bottle
Arran Machrie Moor ,£53.00,https://www.whiskyshop.com/arran-machrie-moor
Arran Sauternes Wood Finish ,£53.00,https://www.whiskyshop.com/arran-sauternes-wood-finish
Whyte & Mackay ,£19.00,https://www.whiskyshop.com/whyte-mackay
Teaninich 10 Year Old,£53.00,https://www.whiskyshop.com/teaninich-10-year-old
Mannochmore 12 Year Old,£50.00,https://www.whiskyshop.com/mannochmore-12-year-old
Johnnie Walker Red Label,£23.00,https://www.whiskyshop.com/johnnie-walker-red-label
Glen Spey 12 Year Old ,£58.00,https://www.whiskyshop.com/glen-spey-12-year-old
Johnnie Walker Blenders' Batch Directors Edition 2016,"£2,995.00",https://www.whiskyshop.com/johnnie-walker-blenders-batch-directors-edition-2016
Benrinnes 15 Year Old,£53.00,https://www.whiskyshop.com/benrinnes-15-year-old
Glenrothes 18 Year Old,£160.00,https://www.whiskyshop.com/glenrothes-18-year-old
Chivas Regal Mizunara,£46.00,https://www.whiskyshop.com/chivas-regal-mizunara
Mortlach 16 Year Old Distiller's Dram,£105.00,https://www.whiskyshop.com/mortlach-16-year-old-distillers-dram
Mortlach 20 Year Old Cowie's Blue Seal,£275.00,https://www.whiskyshop.com/mortlach-20-year-old-cowie-s-blue-seal
Glenfiddich Fire & Cane,£44.00,https://www.whiskyshop.com/glenfiddich-fire-cane
Ailsa Bay 1.2 Sweet Smoke,£57.00,https://www.whiskyshop.com/ailsa-bay-1-2
GlenDronach 15 Year Old Revival,£78.00,https://www.whiskyshop.com/glendronach-revival-15-year-old
Fettercairn 28 Year Old,£500.00,https://www.whiskyshop.com/fettercairn-28-year-old
Fettercairn 12 Year Old,£51.00,https://www.whiskyshop.com/fettercairn-12-year-old
Old Pulteney 18 Year Old,£123.00,https://www.whiskyshop.com/old-pulteney-18-year-old
Old Pulteney 15 Year Old,£74.00,https://www.whiskyshop.com/old-pulteney-15-year-old
Old Pulteney Huddart,£46.00,https://www.whiskyshop.com/old-pulteney-huddart
Macallan M Black,"£5,995.00",https://www.whiskyshop.com/macallan-m-black
BenRiach 21 Year Old,£138.00,https://www.whiskyshop.com/benriach-21-year-old
The Glenlivet 25 Year Old,£628.00,https://www.whiskyshop.com/the-glenlivet-25-year-old
The Tweeddale The Evolution,£175.00,https://www.whiskyshop.com/the-tweeddale-the-evolution
Golf Ball on Tee with Tap,£89.00,https://www.whiskyshop.com/golf-ball-on-tee-with-tap
Johnnie Walker Gold Label Reserve,£45.00,https://www.whiskyshop.com/johnnie-walker-gold-label-reserve
Macallan Gold Double Cask,£110.00,https://www.whiskyshop.com/macallan-gold-double-cask
Johnnie Walker Blue Label, £184.00,https://www.whiskyshop.com/johnnie-walker-blue-label
Johnnie Walker Black Label, £28.00,https://www.whiskyshop.com/johnnie-walker-black-label
Jura 18 Year Old,£74.00,https://www.whiskyshop.com/jura-18-year-old
Jura Seven Wood,£60.00,https://www.whiskyshop.com/jura-seven-wood
Bunnahabhain Toiteach A Dha,£46.00,https://www.whiskyshop.com/bunnahabhain-toiteach-a-dha
Spice Tree ,£50.00,https://www.whiskyshop.com/spice-tree
Macallan 12 Year Old Double Cask,£78.00,https://www.whiskyshop.com/macallan-12-year-old-double-cask
Jura 12 Year Old,£37.00,https://www.whiskyshop.com/jura-12-year-old
Dalmore Port Wood Reserve,£76.00,https://www.whiskyshop.com/dalmore-port-wood-reserve
Caol Ila 12 Year Old 20cl,£19.00,https://www.whiskyshop.com/caol-ila-12-year-old-20cl
Shackleton Blended Malt Scotch, £36.00,https://www.whiskyshop.com/shackleton-blended-malt-scotch
Bunnahabhain Stiuireadair,£38.00,https://www.whiskyshop.com/bunnahabhain-stiuireadair
Globe Decanter & 4 Glasses,£89.00,https://www.whiskyshop.com/globe-and-4-glasses
Barrel and 2 Glasses,£89.00,https://www.whiskyshop.com/barrel-and-2-glasses
Auchentoshan Gift Pack 3 x 20cl,£71.00,https://www.whiskyshop.com/auchentoshan-gift-pack-3x20cl
Barley Tap and 2 Glasses,£89.00,https://www.whiskyshop.com/barley-tap-and-2-glasses
Laphroaig Lore,£69.00,https://www.whiskyshop.com/laphroaig-lore
Glenfiddich Project XX,£50.00,https://www.whiskyshop.com/glenfiddich-project-xx
The Lost Distillery Co. Lossit,£52.00,https://www.whiskyshop.com/the-lost-distillery-co-lossit
Ardbeg An Oa,£49.00,https://www.whiskyshop.com/ardbeg-an-oa
Arran 10 Year Old,£42.00,https://www.whiskyshop.com/arran-10-year-old
Glenglassaugh Torfa,£44.00,https://www.whiskyshop.com/glenglassaugh-torfa
Caol Ila Moch,£62.00,https://www.whiskyshop.com/caol-ila-moch
Talisker Skye ,£45.00,https://www.whiskyshop.com/talisker-skye
Inchmurrin Taster Pack,£29.00,https://www.whiskyshop.com/inchmurrin-taster-pack
The Lost Distillery Co. Gerston,£52.00,https://www.whiskyshop.com/the-lost-distillery-co-gerston
Robert Burns Malt,£34.00,https://www.whiskyshop.com/robert-burns-malt
Loch Lomond Taster Pack,£22.00,https://www.whiskyshop.com/loch-lomond-taster-pack
Aberlour 12 Year Old,£41.00,https://www.whiskyshop.com/aberlour-12-year-old
anCnoc 18 Year Old,£98.00,https://www.whiskyshop.com/ancnoc-18-year-old
Laphroaig Quarter Cask,£43.00,https://www.whiskyshop.com/laphroaig-quarter-cask
Highland Park 40 Year Old 2019 Release,"£3,995.00",https://www.whiskyshop.com/highland-park-40-year-old-2019-release
Talisker Storm,£44.00,https://www.whiskyshop.com/talisker-storm
Talisker Port Ruighe,£56.00,https://www.whiskyshop.com/talisker-port-ruighe
Haig Club,£41.00,https://www.whiskyshop.com/haig-club
Bowmore 25 Year Old,£380.00,https://www.whiskyshop.com/bowmore-25-year-old
Auchentoshan Three Wood,£51.00,https://www.whiskyshop.com/auchentoshan-three-wood
Glen Scotia 25 Year Old,£550.00,https://www.whiskyshop.com/glen-scotia-25-year-old
Benromach Organic,£45.00,https://www.whiskyshop.com/benromach-organic
Glenmorangie Signet,£192.00,https://www.whiskyshop.com/glenmorangie-signet
Dalmore King Alexander III,£263.00,https://www.whiskyshop.com/dalmore-king-alexander-iii
Balvenie 21 Year Old PortWood,£219.00,https://www.whiskyshop.com/balvenie-21-year-old-portwood
Loch Lomond Inchmurrin 12 Year Old,£40.00,https://www.whiskyshop.com/inchmurrin-12-year-old
Cragganmore 12 Year Old,£43.00,https://www.whiskyshop.com/cragganmore-12-year-old
Arran Gold Cream Liqueur,£19.00,https://www.whiskyshop.com/arran-gold-cream-liqueur
Laphroaig 10 Year Old,£41.00,https://www.whiskyshop.com/laphroaig-10-year-old
Highland Park 21 Year Old,£259.00,https://www.whiskyshop.com/highland-park-21-year-old
Glenmorangie 14 Year Old Quinta Ruban,£56.00,https://www.whiskyshop.com/glenmorangie-quinta-ruban
Glenfiddich 18 Year Old,£87.00,https://www.whiskyshop.com/glenfiddich-18-year-old-small-batch
Dalmore Cigar Malt,£106.00,https://www.whiskyshop.com/dalmore-cigar-malt
Deanston Virgin Oak,£35.00,https://www.whiskyshop.com/deanston-virgin-oak
Ledaig 18 Year Old,£84.00,https://www.whiskyshop.com/ledaig-18-year-old
Highland Park 18 Year Old,£137.00,https://www.whiskyshop.com/highland-park-18-year-old
Speyburn 15 Year Old,£63.00,https://www.whiskyshop.com/speyburn-15-year-old
Glenmorangie Nectar d'Or,£60.00,https://www.whiskyshop.com/glenmorangie-nectar-d-or
Glenfiddich 15 Year Old Solera,£52.00,https://www.whiskyshop.com/glenfiddich-15-year-old-solera
The Glenlivet 18 Year Old,£105.00,https://www.whiskyshop.com/the-glenlivet-18-year-old
Speyburn 10 Year Old, £31.00,https://www.whiskyshop.com/speyburn-10-year-old
Glenmorangie 12 Year Old Lasanta,£50.00,https://www.whiskyshop.com/glenmorangie-lasanta
GlenDronach 18 Year Old ,£180.00,https://www.whiskyshop.com/glendronach-18-year-old
Dailuaine 16 Year Old,£59.00,https://www.whiskyshop.com/dailuaine-16-year-old
Craigellachie 17 year old,£112.00,https://www.whiskyshop.com/craigellachie-17-year-old
Bunnahabhain 18 Year Old, £139.00,https://www.whiskyshop.com/bunnahabhain-18-year-old
Bowmore 15 Year Old, £67.00,https://www.whiskyshop.com/bowmore-15-year-old
Auchentoshan 18 Year Old,£91.00,https://www.whiskyshop.com/auchentoshan-18-year-old
Ardbeg Uigeadail, £66.00,https://www.whiskyshop.com/ardbeg-uigeadail
Loch Lomond 18 Year Old, £86.00,https://www.whiskyshop.com/loch-lomond-18-year-old
Scapa Skiren,£42.00,https://www.whiskyshop.com/scapa-skiren
Glen Scotia Double Cask,£39.00,https://www.whiskyshop.com/glen-scotia-double-cask
Glen Moray 12 Year Old,£37.00,https://www.whiskyshop.com/glen-moray-12-year-old
Deanston 18 Year Old,£89.00,https://www.whiskyshop.com/deanston-18-year-old
Highland Park 12 Year Old Gift Pack,£41.00,https://www.whiskyshop.com/highland-park-12-gift-pack
The Glenlivet 15 Year Old,£59.00,https://www.whiskyshop.com/the-glenlivet-15-year-old
Macallan 12 Year Old Sherry Oak, £91.00,https://www.whiskyshop.com/macallan-12-year-old-sherry-oak
Lagavulin 16 Year Old, £88.00,https://www.whiskyshop.com/lagavulin-16-year-old
Dalwhinnie Winter's Gold,£48.00,https://www.whiskyshop.com/dalwhinnie-winters-gold
Glenkinchie 12 Year Old,£46.00,https://www.whiskyshop.com/glenkinchie-12-year-old
Dalmore 15 Year Old,£106.00,https://www.whiskyshop.com/dalmore-15-year-old
Bunnahabhain 12 Year Old, £46.00,https://www.whiskyshop.com/bunnahabhain-12-year-old
Bowmore 12 Year Old, £39.00,https://www.whiskyshop.com/bowmore-12-year-old
Ballantine's 17 Year Old Scapa Edition ,£105.00,https://www.whiskyshop.com/ballantine-s-17-year-old-scapa-edition
Ardbeg Corryvreckan,£80.00,https://www.whiskyshop.com/ardbeg-corryvreckan
Loch Lomond 12 Year Old , £39.00,https://www.whiskyshop.com/loch-lomond-12-year-old
The Loch Fyne Chocolate & Orange Liqueur,£30.00,https://www.whiskyshop.com/the-loch-fyne-chocolate-orange-liqueur
The Loch Fyne Blend,£25.00,https://www.whiskyshop.com/the-loch-fyne-blend
Talisker 10 Year Old, £49.00,https://www.whiskyshop.com/talisker-10-year-old
Singleton of Dufftown 12 Year Old,£37.00,https://www.whiskyshop.com/singleton-of-dufftown-12-year-old
Oban 14 Year Old,£84.00,https://www.whiskyshop.com/oban-14-year-old
Ledaig 10 Year Old,£45.00,https://www.whiskyshop.com/ledaig-10-year-old
Glenfiddich 12 Year Old,£36.00,https://www.whiskyshop.com/glenfiddich-12-year-old
GlenDronach 12 Year Old,£51.00,https://www.whiskyshop.com/glendronach-12-year-old
Glen Garioch 12 Year Old,£47.00,https://www.whiskyshop.com/glen-garioch-12-year-old
Deanston 12 Year Old,£41.95,https://www.whiskyshop.com/deanston-12-year-old
Dalwhinnie 15 Year Old,£49.00,https://www.whiskyshop.com/dalwhinnie-15-year-old
Dalmore 12 Year Old,£64.00,https://www.whiskyshop.com/dalmore-12-year-old
Craigellachie 13 Year Old,£54.00,https://www.whiskyshop.com/craigellachie-13-year-old
Clynelish 14 Year Old,£54.00,https://www.whiskyshop.com/clynelish-14-year-old
Blair Athol 12 Year Old,£53.00,https://www.whiskyshop.com/blair-athol-12-year-old
Balvenie 12 Year Old DoubleWood,£47.00,https://www.whiskyshop.com/balvenie-12-year-old-doublewood
Auchroisk 10 Year Old,£52.00,https://www.whiskyshop.com/auchroisk-10-year-old
Ardbeg 10 Year Old ,£47.00,https://www.whiskyshop.com/ardbeg-10-year-old-whisky
Signatory Vintage Secret Orkney 2009 14 Year Old,£105.00,https://www.whiskyshop.com/signatory-vintage-secret-orkney-2009-14-year-old-tws-exclusive
Signatory Vintage Speyside 2005 17 Year Old,£185.00,https://www.whiskyshop.com/signatory-vintage-speyside-2005-17-year-old-tws-exclusive
Springbank 1993 21 Year Old Open Day 2015,"£1,850.00",https://www.whiskyshop.com/springbank-1993-21-year-old-open-day-2015
Glen Scotia 11 Year Old Campbeltown Malts Festival 2023,£64.00,https://www.whiskyshop.com/glen-scotia-11-year-old-campbeltown-malts-festival-2023
The Octave Miltonduff 2009 14 Year Old #8336748,£135.00,https://www.whiskyshop.com/the-octave-miltonduff-2009-14-year-old-8336748
The Octave Highland Park 2007 15 Year Old #5036499,£165.00,https://www.whiskyshop.com/the-octave-highland-park-2007-15-year-old-5036499
Craigellachie 13 Year Old Exceptional Cask,£115.00,https://www.whiskyshop.com/craigellachie-13-year-old-exceptional-cask-tws-exclusive
Glendronach 1972 40 Year Old Batch 7,"£6,400.00",https://www.whiskyshop.com/glendronach-1972-40-year-old-batch-7
Murray McDavid Caol Ila 12 Year Old,£99.00,https://www.whiskyshop.com/murray-mcdavid-caol-ila-12-year-old-tws-exclusive
Old Pulteney 2010 #1802,£130.00,https://www.whiskyshop.com/old-pulteney-2010-1802-w-club-exclusive
Regent Street Ardmore 2008 12 Year Old,£75.00,https://www.whiskyshop.com/regent-street-ardmore-2008-12-year-old
Regent Street Staoisha 2012 9 Year Old,£88.00,https://www.whiskyshop.com/regent-street-staoisha-2012-9-year-old
The Octave Miltonduff 2011 11 Year Old,£89.00,https://www.whiskyshop.com/the-octave-miltonduff-2011-11-year-old
The Octave Highland Park 2007 15 Year Old,£140.00,https://www.whiskyshop.com/the-octave-highland-park-2007-15-year-old
The Loch Fyne The Living Cask Batch 14,£48.00,https://www.whiskyshop.com/the-loch-fyne-the-living-cask-batch-14
Loch Lomond 2013 9 Year Old,£60.00,https://www.whiskyshop.com/loch-lomond-2013-9-year-old-single-cask-w-club
Macallan 30 Year Old Sherry Oak Blue Label,"£12,700.00",https://www.whiskyshop.com/macallan-30-year-old-sherry-oak-blue-label
Platinum Old And Rare Laphroaig 22 Year Old,£499.00,https://www.whiskyshop.com/platinum-old-and-rare-laphroaig-22-year-old
The Loch Fyne Teaninich 8 Year Old 2022, £69.00,https://www.whiskyshop.com/the-loch-fyne-teaninich-8-year-old-2022
The Loch Fyne Linkwood 8 Year Old 2022, £69.00,https://www.whiskyshop.com/the-loch-fyne-linkwood-8-year-old-2022
The Loch Fyne Glen Elgin 14 Year Old 2022, £79.00,https://www.whiskyshop.com/the-loch-fyne-glen-elgin-14-year-old-2022
The Loch Fyne Caol Ila 9 Year Old 2022, £85.00,https://www.whiskyshop.com/the-loch-fyne-caol-ila-9-year-old-2022
Benromach #333,£88.00,https://www.whiskyshop.com/benromach-single-cask-w-club-exclusive-333
Springbank 1965 Local Barley 36 Year Old #7,"£11,500.00",https://www.whiskyshop.com/springbank-1965-local-barley-36-year-old-7
The Loch Fyne Mortlach 14 Year Old, £99.00,https://www.whiskyshop.com/loch-fyne-mortlach-14-year-old
The Loch Fyne Inchgower 14 Year Old, £95.00,https://www.whiskyshop.com/loch-fyne-inchgower-14-year-old
The Loch Fyne Fynest Glen Grant 24 Year Old,£299.00,https://www.whiskyshop.com/loch-fyne-fynest-glen-grant-24-year-old
Glenfiddich 50 Year Old Simultaneous Time,"£36,700.00",https://www.whiskyshop.com/glenfiddich-50-year-old-re-imagination-of-time
Glenfiddich 40 Year Old Cumulative Time,"£4,000.00",https://www.whiskyshop.com/glenfiddich-40-year-old-re-imagination-of-time
The Octave Glentauchers 2008 14 Year Old 8532579,£120.00,https://www.whiskyshop.com/the-octave-glentauchers-2008-14-year-old-8532579-tws-exclusive
Johnnie Walker Masters Ruby Reserve,"£15,000.00",https://www.whiskyshop.com/johnnie-walker-masters-ruby-reserve
Glen Scotia 2016 TWS 30th Anniversary,£79.00,https://www.whiskyshop.com/glen-scotia-2016-tws-30th-anniversary-exclusive
Laphroaig 1981 Sherry Cask 27 Year Old,"£6,580.00",https://www.whiskyshop.com/laphroaig-1981-sherry-cask-27-year-old
Bowmore 30 Year Old Sea Dragon,"£3,750.00",https://www.whiskyshop.com/bowmore-30-year-old-sea-dragon
The Octave Teaninich 2009 12 Year Old #6734245,£125.00,https://www.whiskyshop.com/the-octave-teaninich-2009-12-year-old-tws-exclusive-6734245
The Loch Fyne Fynest Fettercairn 24 Year Old,£185.00,https://www.whiskyshop.com/loch-fyne-finest-fettercairn-24-year-old
Loch Lomond 2011 #1758,£70.00,https://www.whiskyshop.com/loch-lomond-2011-1758-11-year-old-tws-exclusive
Port Ellen 33 Year Old Platinum Old & Rare,"£2,995.00",https://www.whiskyshop.com/port-ellen-33-year-old-platinum-old-rare
Darkness Glenrothes 12 Year Old,£77.00,https://www.whiskyshop.com/darkness-glenrothes-12-year-old-tws-exclusive
Springbank 2000 16 Year Old,£990.00,https://www.whiskyshop.com/springbank-2000-16-year-old-single-cask
The Octave Glengarioch 2012 10 Year Old #4633187,£99.00,https://www.whiskyshop.com/the-octave-glengarioch-2012-10-year-old-4633187
Fettercairn Warehouse 2 Batch 3,£56.00,https://www.whiskyshop.com/fettercairn-warehouse-2-batch-3
Happy Easter (Cracked Egg) Whisky Gift Pack,£30.00,https://www.whiskyshop.com/happy-easter-cracked-egg-whisky-gift-pack
Dalwhinnie Distillers Edition 2021,£72.00,https://www.whiskyshop.com/dalwhinnie-distillers-edition-2021
The Octave Highland Park 2008 13 Year Old #5032247,£135.00,https://www.whiskyshop.com/the-octave-highland-park-2008-13-year-old-5032247
The Octave Dalmunach 2016 5 Year Old #10831623,£80.00,https://www.whiskyshop.com/theoctave-dalmunach-2016-5-year-old-10831623
GlenDronach 50 Year Old,"£28,000.00",https://www.whiskyshop.com/glendronach-50-year-old
Cask Treasures Glen Moray 2008 12 Year Old,£65.00,https://www.whiskyshop.com/cask-treasures-glen-moray-12-year-old-2008
The Singleton of Glen Ord 39 Year Old ,"£2,295.00",https://www.whiskyshop.com/the-singleton-of-dufftown-39-year-old
The Loch Fyne The Living Cask Batch 12,£46.00,https://www.whiskyshop.com/the-loch-fyne-the-living-cask-batch-12
BenRiach 30 Year Old ,£625.00,https://www.whiskyshop.com/benriach-30-year-old
Macallan 18 Year Old Double Cask 2021,£450.00,https://www.whiskyshop.com/macallan-18-year-old-double-cask-2021
The Octave Glengarioch 2012 9 Year Old ,£99.00,https://www.whiskyshop.com/the-octave-glengarioch-2012-9-year-old
First Editions Laphroaig 2004 16 Year Old ,£299.00,https://www.whiskyshop.com/first-editions-laphroaig-2004-16-year-old
Dalmore 15 Year Old Pedestal Gift Tin,£106.00,https://www.whiskyshop.com/dalmore-15-year-old-pedestal-gift-tin
Glen Scotia 12 Year Old Seasonal Release 2021,£74.99,https://www.whiskyshop.com/glen-scotia-seasonal-release-2021
The Loch Fyne Fynest Glengoyne 20 Year Old,£360.00,https://www.whiskyshop.com/loch-fyne-fynest-glengoyne-20-year-old
BenRiach 2009 11 Year Old Cask #4833 Batch 17 ,£90.00,https://www.whiskyshop.com/benriach-2009-11-year-old-cask-4833-batch-17
Darkness Craigellachie 11 Year Old Moscatel Cask Finish ,£95.00,https://www.whiskyshop.com/darkness-craigellachie-11-year-old-moscatel-cask-finish
GlenKeir Treasures Coimeasgadh Blended Malt,£55.00,https://www.whiskyshop.com/glenkeir-treasure-coimeasgadh-blended-malt
The Kinship Caol Ila 40 Year Old 1980,"£1,500.00",https://www.whiskyshop.com/caol-ila-1980-40-year-old-kinship
Cardhu 14 Year Old Diageo Special Release 2021,£120.00,https://www.whiskyshop.com/cardhu-14-year-old-diageo-special-release-2021
Lagavulin 26 Year Old Diageo Special Release 2021,"£1,750.00",https://www.whiskyshop.com/lagavulin-26yo-diageo-special-release-2021
Oban 12 Year Old Diageo Special Release 2021 ,£107.00,https://www.whiskyshop.com/oban-13-year-old-diageo-special-release-2021-56-2
Mortlach 13 Year Old Diageo Special Release 2021 ,£135.00,https://www.whiskyshop.com/mortlach-13-year-old-diageo-special-release-2021
Singleton of Glendullan 19 Year Old Diageo Special Release 2021,£140.00,https://www.whiskyshop.com/singleton-of-glendullan-19-year-old-diageo-special-release-2021
Talisker 8 Year Old Diageo Special Release 2021 ,£90.00,https://www.whiskyshop.com/talisker-8-year-old-diageo-special-release-2021
First Editions Mortlach 2010,£81.00,https://www.whiskyshop.com/first-editions-mortlach-2010-11-year-old
First Editions Glen Moray 2007 14 Year Old,£95.00,https://www.whiskyshop.com/first-edition-glen-moray-2007-14-year-old
Glenrothes 25 Year Old ,£630.00,https://www.whiskyshop.com/glenrothes-25-year-old
Glenglassaugh 50 Year Old,"£5,500.00",https://www.whiskyshop.com/glenlassaugh-50-year-old
Fettercairn Warehouse 2 Batch 2,£57.00,https://www.whiskyshop.com/fettercairn-warehouse-2-batch-2
The Octave Laphroaig 2004 16 Year Old,£375.00,https://www.whiskyshop.com/laphroaig-16yo-2004-first-fill-sherry-octave
Glenburgie 1995 25 Year Old Connoisseurs Choice,£285.00,https://www.whiskyshop.com/glenburgie-1995-25-year-old-connoisseurs-choice-tws-exclusive
Glenturret 30 Year Old Platinum Old & Rare,£465.00,https://www.whiskyshop.com/glenturret-30-year-old-platinum-old-rare
Dalmore 29 Year Old Platinum Old & Rare,£475.00,https://www.whiskyshop.com/dalmore-29-year-old-platinum-old-rare
Clynelish 27 Year Old Platinum Old & Rare,£500.00,https://www.whiskyshop.com/clynelish-27-year-old-platinium-old-rare
Macallan 18 Year Old Sherry Oak 2021,£550.00,https://www.whiskyshop.com/macallan-18-sherry-oak-2021
The Kinship Laphroaig 23 Year Old 1997,£539.00,https://www.whiskyshop.com/laphroaig-1997-23-year-old-kinship
The Kinship Ardbeg 19 Year Old 2001,£497.00,https://www.whiskyshop.com/ardbeg-2001-19-year-old-kinship
Highland Single Malt #1 42 Year Old That Boutique-y Whisky Company,£410.00,https://www.whiskyshop.com/highland-single-malt-1-42-year-old-that-boutique-y-whisky-company
Rare Find Speyside 1982 39 Year Old,£385.00,https://www.whiskyshop.com/rare-find-speyside-1982-39-year-old
Talisker 43 Year Old Xpedition Oak,"£3,500.00",https://www.whiskyshop.com/talisker-43-year-old-xpedition-oak
Kilchoman 2012 Sherry Cask,£115.00,https://www.whiskyshop.com/kilchoman-2012-sherry-cask-the-w-club-exclusive
Glenturret 30 Year Old,"£1,850.00",https://www.whiskyshop.com/glenturret-30-year-old
Longmorn 1987 33 Year Old Connoisseurs Choice,£870.00,https://www.whiskyshop.com/longmorn-1987-33-year-old-connoisseurs-choice
First Editions Tamnavulin 2010,£72.00,https://www.whiskyshop.com/first-editions-tamnavulin-2010-10-year-old
Benriach 25 Year Old The Twenty Five,£312.00,https://www.whiskyshop.com/benriach-25-year-oldd
Old Malt Cask Jura 13 Year Old ,£107.00,https://www.whiskyshop.com/old-malt-cask-jura-13-year-old
Glengoyne 18 Year Old,£127.00,https://www.whiskyshop.com/glengoyne-18-year-old
Bowmore 30 Year Old,"£2,350.00",https://www.whiskyshop.com/bowmore-30-year-old
Rare Find Tranquillity 1985 Highland Single Malt,£395.00,https://www.whiskyshop.com/rare-find-tranquillity-1985-highland-single-malt
Loch Lomond The Open Special Edition,£42.00,https://www.whiskyshop.com/loch-lomond-the-open-special-edition
John Walker & Sons King George V,£570.00,https://www.whiskyshop.com/john-walker-sons-king-george-v
Johnnie Walker Gold Icon 200th Anniversary,£54.00,https://www.whiskyshop.com/johnnie-walker-gold-icon-200th-anniversary
anCnoc 2007 #660,£97.00,https://www.whiskyshop.com/ancnoc-2007-660
Wemyss Malts Bowmore 1988 31 Year Old Candied Violets,£580.00,https://www.whiskyshop.com/bowmore-1988-31-year-old-candied-violets
First Editions Aultmore 2010,£72.00,https://www.whiskyshop.com/first-editions-aultmore-2010-10-year-old
The Loch Fyne Bunnahabhain 14 Year Old 2005, £98.00,https://www.whiskyshop.com/the-loch-fyne-bunnahabhain-14-year-old-2005
The Loch Fyne Craigellachie 12 Year Old , £83.00,https://www.whiskyshop.com/the-loch-fyne-craigellachie-12-year-old
The Loch Fyne The Living Cask Batch 10,£46.00,https://www.whiskyshop.com/the-loch-fyne-the-living-cask-batch-10
John Walker & Sons 28 Year Old Bicentenary Blend,£760.00,https://www.whiskyshop.com/john-walker-sons-28-year-old-bicentenary-blend
Loch Lomond 30 Year Old,£650.00,https://www.whiskyshop.com/loch-lomond-30-year-old
First Editions Talisker 2010 8 Year Old,£92.00,https://www.whiskyshop.com/first-editions-talisker-2010-8-year-old
Glenkeir Treasures Twin Casks Secret Highland 11 Year Old,£70.00,https://www.whiskyshop.com/glenkeir-treasures-twin-casks-secret-highland-11-year-old
Glenkeir Treasures Twin Casks Secret Speyside 9 Year Old,£68.00,https://www.whiskyshop.com/glenkeir-treasures-twin-casks-secret-speyside-9-year-old
Invergordon 21 Year Old The Sovereign,£135.00,https://www.whiskyshop.com/invergordon-21-year-old-the-sovereign
The Loch Fyne The Living Cask Batch 9,£46.00,https://www.whiskyshop.com/the-loch-fyne-the-living-cask-batch-9
Old and Rare Bunnahabhain 30 Year Old,£580.00,https://www.whiskyshop.com/old-and-rare-bunnahabhain-30-year-old
Jura 1989,£600.00,https://www.whiskyshop.com/jura-1989
First Editions Ardmore 2009,£71.00,https://www.whiskyshop.com/first-editions-ardmore-2009-9-year-old
First Editions Glen Garioch 2008,£72.00,https://www.whiskyshop.com/first-editions-glen-garioch-2008-10-year-old
Glenrothes 1988,£365.00,https://www.whiskyshop.com/glenrothes-1988
Highland Park Esquire,£207.00,https://www.whiskyshop.com/highland-park-esquire
Old Pulteney 2006 #1448,£102.00,https://www.whiskyshop.com/old-pulteney-2006-1448
Littlemill 29 Year Old Private Cellar Edition 2019,"£2,750.00",https://www.whiskyshop.com/littlemill-29-year-old-private-cellar-edition-2019
Macallan Exceptional Single Cask 1950,"£44,750.00",https://www.whiskyshop.com/macallan-exceptional-single-cask-1950
12 Drams of Christmas - Whisky Selection Box 2020,£69.00,https://www.whiskyshop.com/12-drams-of-christmas
The Loch Fyne Aultmore 12 Year Old, £83.00,https://www.whiskyshop.com/the-loch-fyne-aultmore-12-year-old
Jura Two-One-Two (212),£93.00,https://www.whiskyshop.com/jura-two-one-two
Talisker 41 Year Old,"£2,900.00",https://www.whiskyshop.com/talisker-41-year-old
First Editions Blair Athol 2010,£71.00,https://www.whiskyshop.com/first-editions-blair-athol-2010
First Editions Tullibardine 2008,£83.00,https://www.whiskyshop.com/first-editions-tullibardine-2008
Glenkeir Treasures Secret Islay 10cl,£12.00,https://www.whiskyshop.com/glenkeir-treasures-secret-islay-10cl
Glenkeir Treasures Secret Islay 20cl,£24.00,https://www.whiskyshop.com/glenkeir-treasures-secret-islay-20cl
Glenkeir Treasures Secret Speyside 8 Year Old ,£55.00,https://www.whiskyshop.com/glenkeir-treasures-secret-speyside-8-year-old
First Editions Tamdhu 2007 11 Year Old,£76.00,https://www.whiskyshop.com/first-editions-tamdhu-2007
Macallan Private Eye,"£9,950.00",https://www.whiskyshop.com/macallan-private-eye
Authors' Series Tormore 1988 30 Year Old - Charles Baudelaire,£435.00,https://www.whiskyshop.com/tormore-1988-30-year-old-authors-series-charles-baudelaire
Authors' Series Tullibardine 1993 25 Year Old - William Thackeray,£405.00,https://www.whiskyshop.com/tullibardine-1993-25-year-old-authors-series
Brora 30 year old 1st Release 2002 bottling,"£4,950.00",https://www.whiskyshop.com/brora-30-year-old-1st-release-2002-bottling
Old Malt Cask Tamdhu 8 Year Old 20cl,£31.00,https://www.whiskyshop.com/old-malt-cask-tamdhu-8-year-old-20cl
Glenkeir Treasures Secret Islay,£55.00,https://www.whiskyshop.com/glenkeir-treasures-secret-islay
Old Malt Cask Blair Athol 12 Year Old with Glass,£39.00,https://www.whiskyshop.com/old-malt-cask-blair-athol-12-year-old-with-glass
Clynelish Select Reserve 2014 Special Release,£510.00,https://www.whiskyshop.com/clynelish-select-reserve-2014-special-release
Rosebank 21 Year Old 2014 Special Release,"£2,500.00",https://www.whiskyshop.com/rosebank-21-year-old-2014-special-release
Glenfarclas 1960,"£4,400.00",https://www.whiskyshop.com/glenfarclas-1960
First Editions Speyburn 2006,£76.00,https://www.whiskyshop.com/first-editions-speyburn-2006
Dalmore 40 Year Old 2022 Release,"£12,000.00",https://www.whiskyshop.com/dalmore-40-year-old
Lost Distillery Co. Gift Pack,£37.00,https://www.whiskyshop.com/the-lost-distillery-co-gift-pack
Glen Grant 30 Year Old Platinum Old & Rare,£470.00,https://www.whiskyshop.com/glen-grant-30-year-old-platinum-old-rare
Laphroaig 20 Year Old Platinum Old & Rare,£425.00,https://www.whiskyshop.com/laphroaig-20-year-old-platinum-old-rare
The Last Drop Glenrothes 1968 Cask 13504,"£5,400.00",https://www.whiskyshop.com/the-last-drop-glenrothes-1968-cask-13504
The Last Drop Glenrothes 1968 Cask 13508,"£5,400.00",https://www.whiskyshop.com/the-last-drop-glenrothes-1968-cask-13508
Fettercairn 40 Year Old,"£3,150.00",https://www.whiskyshop.com/fettercairn-40-year-old
The Loch Fyne The Living Cask Batch 4 5cl,£8.00,https://www.whiskyshop.com/the-loch-fyne-the-living-cask-batch-4-5cl
The Loch Fyne Honey & Ginger Liqueur 5cl,£7.00,https://www.whiskyshop.com/the-loch-fyne-honey-ginger-liqueur-5cl
The Loch Fyne Chocolate & Orange Liqueur 5cl,£7.00,https://www.whiskyshop.com/the-loch-fyne-chocolate-orange-liqueur-5cl
The Loch Fyne Blend 5cl,£7.00,https://www.whiskyshop.com/the-loch-fyne-blend-5cl
Banff 40 Year Old Platinum Old and Rare,"£1,275.00",https://www.whiskyshop.com/banff-40-year-old-platinum-old-and-rare
Convalmore 32 Year Old 2017 Special Release,"£1,350.00",https://www.whiskyshop.com/convalmore-32-year-old-2017-special-release
Caol Ila 36 Year Old Platinum Old & Rare,£760.00,https://www.whiskyshop.com/caol-ila-36-year-old-platinum-old-rare
Bunnahabhain 1980 Canasta Cask Finish,"£1,800.00",https://www.whiskyshop.com/bunnahabhain-1980-canasta-cask-finish
